,Country,valueB,date,value,percentageofGDP
0,Australia,641.9228,2004-01-01,0.2,0.00031156394507252273
1,Australia,650.958,2004-03-01,0.0,0.0
2,Australia,659.2961,2004-06-01,0.3,0.0004550307517365869
3,Australia,668.2295,2004-09-01,0.1,0.00014964918489830214
4,Australia,677.2023,2005-01-01,0.2,0.0002953327240619236
5,Australia,685.4277,2005-03-01,0.1,0.00014589430803569803
6,Australia,700.0454,2005-06-01,0.5,0.0007142393907595136
7,Australia,712.9192,2005-09-01,0.0,0.0
8,Australia,721.3906,2006-01-01,0.5,0.0006931057876273963
9,Australia,731.0046,2006-03-01,0.4,0.0005471921790916228
10,Australia,748.5622,2006-06-01,0.3,0.0004007682995481204
11,Australia,761.9865,2006-09-01,0.3,0.0003937077625391001
12,Australia,779.3114,2007-01-01,0.1,0.00012831841032994
13,Australia,788.6629,2007-03-01,0.1,0.00012679688622350564
14,Australia,800.2038,2007-06-01,0.1,0.00012496816436012925
15,Australia,806.7049,2007-09-03,0.5,0.0006198053340199124
16,Australia,817.4402,2008-01-01,0.2,0.0002446662153390548
17,Australia,827.3755,2008-03-03,0.1,0.00012086410583828021
18,Australia,845.0819,2008-06-02,0.5,0.0005916586309563605
19,Australia,850.3521,2008-09-01,0.1,0.00011759834543831903
20,Australia,866.4324,2009-01-01,0.4,0.00046166325266691323
21,Australia,874.2771,2009-03-02,0.4,0.0004575208477952814
22,Australia,879.2569,2009-06-01,0.6,0.0006823944173767643
23,Australia,887.1079,2009-09-01,0.6,0.000676355153640273
24,Australia,887.9474,2010-01-01,1.4,0.0015766699694148548
25,Australia,898.6575,2010-03-01,0.8,0.0008902167956090056
26,Australia,910.6161,2010-06-01,1.5,0.0016472364149942
27,Australia,931.8539,2010-09-01,0.7,0.0007511907177723889
28,Australia,947.9989,2011-01-01,1.2,0.0012658242535935431
29,Australia,971.0868,2011-03-01,1.5,0.0015446610951770738
30,Australia,985.0741,2011-06-01,1.2,0.0012181824697248664
31,Australia,981.1607,2011-09-01,1.6,0.0016307216544649617
32,Australia,971.2624,2012-01-01,0.9,0.0009266290963183586
33,Australia,972.4261,2012-03-01,1.1,0.001131191357368956
34,Australia,983.9374,2012-06-01,1.6,0.001626119710461255
35,Australia,1008.1812,2012-09-03,0.9,0.0008926966700033684
36,Australia,1046.8416,2013-01-01,0.5,0.0004776271787441386
37,Australia,1075.5121,2013-03-01,1.3,0.0012087265219982185
38,Australia,1099.6552,2013-06-03,1.3,0.0011821887442536535
39,Australia,1114.6746,2013-09-02,0.7,0.0006279859611047026
40,Australia,1115.1605,2014-01-01,0.5,0.00044836595270366915
41,Australia,1113.5547,2014-03-03,0.5,0.0004490125181995999
42,Australia,1110.2821,2014-06-02,0.6,0.0005404032002317249
43,Australia,1104.8152,2014-09-01,0.4,0.00036205149965351676
44,Australia,1102.7653,2015-01-01,0.5,0.00045340563400027186
45,Australia,1102.3815,2015-03-02,0.8,0.0007257015833447859
46,Australia,1115.8963,2015-06-01,0.6,0.0005376843708505888
47,Australia,1126.2875,2015-09-01,0.4,0.0003551491071329479
48,Australia,1145.2751,2016-01-01,0.4,0.0003492610640011295
49,Australia,1167.1636,2016-03-01,0.8,0.0006854223349665805
50,Australia,1176.0037,2016-06-01,0.4,0.0003401349842691822
51,Australia,1196.3464,2016-09-01,1.8,0.0015045809474580273
52,Australia,1203.1406,2017-01-01,2.0,0.001662316108358408
53,Australia,1209.5212,2017-03-01,1.5,0.0012401601559360845
54,Australia,1225.772,2017-06-01,2.0,0.0016316248046129298
55,Australia,1239.871,2017-09-01,1.1,0.0008871890704758802
56,Australia,1262.3684,2018-01-01,2.8,0.0022180529867509356
57,Australia,1284.0906,2018-03-01,2.2,0.0017132747486820635
58,Australia,1297.4825,2018-06-01,1.5,0.001156084956829861
59,Australia,1308.5192,2018-09-03,2.9,0.002216245661508062
60,Australia,1321.9324,2019-01-01,1.3,0.000983408833916167
61,Australia,1337.4512,2019-03-01,1.5,0.001121536247453365
62,Australia,1355.3434,2019-06-03,1.8,0.0013280767073495913
63,Australia,1369.6779,2019-09-02,1.3,0.0009491282585489626
64,Australia,1377.4114,2020-01-01,1.0,0.0007259995089339322
65,Australia,1283.3476,2020-03-02,0.4,0.00031168484672430136
66,Austria,269.7733,2004-01-01,0.1,0.00037068160562961567
67,Austria,273.7459,2004-03-01,0.1,0.0003653022748468562
68,Austria,278.207,2004-06-01,0.0,0.0
69,Austria,280.4079,2004-09-01,0.4,0.001426493333461718
70,Austria,280.5188,2005-01-01,0.1,0.00035648234628124747
71,Austria,285.2963,2005-03-01,0.3,0.001051538348026245
72,Austria,290.0369,2005-06-01,0.0,0.0
73,Austria,296.0711,2005-09-01,0.2,0.0006755134155275541
74,Austria,304.2765,2006-01-01,0.1,0.0003286484496831008
75,Austria,308.7063,2006-03-01,0.1,0.00032393248858218965
76,Austria,315.0504,2006-06-01,0.0,0.0
77,Austria,317.5816,2006-09-01,0.1,0.0003148797033581291
78,Austria,321.5578,2007-01-01,0.0,0.0
79,Austria,325.3228,2007-03-01,0.0,0.0
80,Austria,327.678,2007-06-01,0.2,0.000610355287813036
81,Austria,332.8243,2007-09-03,0.1,0.00030045883068033195
82,Austria,338.6758,2008-01-01,0.0,0.0
83,Austria,345.2523,2008-03-03,0.0,0.0
84,Austria,347.8657,2008-06-02,0.0,0.0
85,Austria,343.429,2008-09-01,0.0,0.0
86,Austria,339.9986,2009-01-01,0.1,0.0002941188581364747
87,Austria,338.7461,2009-03-02,0.0,0.0
88,Austria,341.4245,2009-06-01,0.3,0.0008786715657487965
89,Austria,344.7105,2009-09-01,0.0,0.0
90,Austria,342.9793,2010-01-01,0.1,0.00029156278527596273
91,Austria,348.4636,2010-03-01,0.1,0.00028697401966805143
92,Austria,352.8476,2010-06-01,0.1,0.0002834084743668371
93,Austria,359.5591,2010-09-01,0.1,0.00027811839555722553
94,Austria,365.6474,2011-01-01,0.1,0.0002734875183031522
95,Austria,370.8644,2011-03-01,0.1,0.0002696403321537468
96,Austria,376.681,2011-06-01,0.1,0.0002654766234559216
97,Austria,378.9999,2011-09-01,0.7,0.0018469661865346137
98,Austria,387.1914,2012-01-01,0.4,0.001033080796732572
99,Austria,389.5089,2012-03-01,0.3,0.0007702006295619946
100,Austria,393.0116,2012-06-01,0.2,0.0005088908317209976
101,Austria,397.1029,2012-09-03,0.3,0.0007554716926015902
102,Austria,400.5689,2013-01-01,0.2,0.0004992898849611141
103,Austria,403.6647,2013-03-01,0.3,0.0007431910692215594
104,Austria,408.1795,2013-06-03,0.3,0.0007349707665377609
105,Austria,412.4259,2013-09-02,0.2,0.00048493559691571264
106,Austria,412.8016,2014-01-01,0.2,0.0004844942461463328
107,Austria,416.9969,2014-03-03,0.2,0.00047961987247387215
108,Austria,418.9835,2014-06-02,0.1,0.00023867288329970036
109,Austria,420.7084,2014-09-01,0.6,0.0014261659619822186
110,Austria,422.1286,2015-01-01,0.2,0.00047378926706221757
111,Austria,427.0625,2015-03-02,0.3,0.0007024732913800673
112,Austria,434.7239,2015-06-01,0.1,0.00023003106109417955
113,Austria,440.2148,2015-09-01,0.1,0.00022716183099704963
114,Austria,449.5617,2016-01-01,0.2,0.00044487775537818285
115,Austria,458.3777,2016-03-01,0.2,0.00043632140045207264
116,Austria,463.7155,2016-06-01,0.1,0.0002156494661058343
117,Austria,469.8182,2016-09-01,0.1,0.00021284828897645943
118,Austria,470.6628,2017-01-01,0.1,0.00021246633470926532
119,Austria,473.7001,2017-03-01,0.1,0.00021110402974371337
120,Austria,478.2134,2017-06-01,0.1,0.0002091116643741058
121,Austria,484.6932,2017-09-01,0.1,0.00020631607788184361
122,Austria,492.6765,2018-01-01,0.2,0.00040594588944266677
123,Austria,499.8277,2018-03-01,0.1,0.00020006894375801902
124,Austria,505.3011,2018-06-01,0.2,0.00039580361095592313
125,Austria,516.1303,2018-09-03,0.1,0.00019374952410273143
126,Austria,522.2701,2019-01-01,0.1,0.00019147180740387016
127,Austria,526.4999,2019-03-01,0.1,0.0001899335593416067
128,Austria,533.8642,2019-06-03,0.1,0.00018731355277240919
129,Austria,537.2482,2019-09-02,0.1,0.00018613370877743285
130,Austria,530.4043,2020-01-01,0.1,0.00018853542476936932
131,Austria,469.6684,2020-03-02,0.2,0.00042583235320920034
132,Belgium,332.9476,2004-03-01,0.0,0.0
133,Belgium,336.1644,2004-06-01,0.1,0.0002974734980860555
134,Belgium,338.1295,2004-09-01,0.1,0.00029574467770484387
135,Belgium,340.6723,2005-01-01,0.0,0.0
136,Belgium,344.4709,2005-03-01,0.0,0.0
137,Belgium,349.2555,2005-06-01,0.0,0.0
138,Belgium,356.3254,2005-09-01,0.2,0.0005612847133547033
139,Belgium,363.6453,2006-01-01,0.0,0.0
140,Belgium,369.2982,2006-03-01,0.0,0.0
141,Belgium,375.1221,2006-06-01,0.0,0.0
142,Belgium,379.4799,2006-09-01,0.0,0.0
143,Belgium,385.7024,2007-01-01,0.5,0.0012963362426575515
144,Belgium,388.3141,2007-03-01,0.5,0.0012876174210516692
145,Belgium,392.8203,2007-06-01,0.1,0.0002545693285199365
146,Belgium,397.085,2007-09-03,0.1,0.00025183524937985575
147,Belgium,402.6718,2008-01-01,0.2,0.0004966824098434507
148,Belgium,407.1574,2008-03-03,0.4,0.0009824210489604267
149,Belgium,409.6942,2008-06-02,0.4,0.000976337961337993
150,Belgium,403.3542,2008-09-01,0.4,0.0009916842318736239
151,Belgium,400.6872,2009-01-01,0.9,0.0022461411295394513
152,Belgium,402.1626,2009-03-02,0.8,0.001989245146117516
153,Belgium,410.2053,2009-06-01,1.7,0.004144266297875722
154,Belgium,417.4152,2009-09-01,1.1,0.002635265797699748
155,Belgium,423.9741,2010-01-01,0.5,0.0011793173215061956
156,Belgium,432.7546,2010-03-01,0.7,0.001617544908823615
157,Belgium,437.2545,2010-06-01,0.6,0.0013721985708551885
158,Belgium,442.3466,2010-09-01,2.2,0.00497347555062026
159,Belgium,446.1215,2011-01-01,1.0,0.0022415418221269317
160,Belgium,449.8403,2011-03-01,1.1,0.0024453122585948836
161,Belgium,454.3502,2011-06-01,1.0,0.0022009454381224
162,Belgium,457.4688,2011-09-01,0.9,0.00196734728138837
163,Belgium,463.1655,2012-01-01,0.7,0.0015113388194932479
164,Belgium,466.8499,2012-03-01,1.8,0.0038556289719672214
165,Belgium,472.3317,2012-06-01,0.7,0.0014820093591008182
166,Belgium,476.6973,2012-09-03,0.7,0.0014684370983431205
167,Belgium,479.6642,2013-01-01,0.2,0.0004169583637886672
168,Belgium,485.4729,2013-03-01,0.2,0.00041196944257856623
169,Belgium,490.0783,2013-06-03,0.2,0.0004080980529029749
170,Belgium,494.2578,2013-09-02,0.2,0.0004046471294939605
171,Belgium,497.8151,2014-01-01,0.1,0.00020087779579205212
172,Belgium,501.2027,2014-03-03,0.2,0.00039904014882601393
173,Belgium,506.306,2014-06-02,0.4,0.000790036065146374
174,Belgium,509.1461,2014-09-01,0.1,0.0001964072787751885
175,Belgium,511.0402,2015-01-01,0.1,0.00019567932229206235
176,Belgium,518.2416,2015-03-02,0.3,0.0005788805838821122
177,Belgium,523.7344,2015-06-01,0.1,0.00019093647467113102
178,Belgium,530.6171,2015-09-01,0.8,0.0015076785124339188
179,Belgium,537.0849,2016-01-01,0.2,0.0003723806050030452
180,Belgium,548.9426,2016-03-01,0.2,0.0003643368177292125
181,Belgium,554.75,2016-06-01,0.2,0.0003605227579990987
182,Belgium,562.0861,2016-09-01,2.7,0.004803534547465237
183,Belgium,568.394,2017-01-01,0.2,0.00035186859819069167
184,Belgium,571.2872,2017-03-01,0.3,0.0005251299171415008
185,Belgium,573.5701,2017-06-01,0.2,0.0003486932111698291
186,Belgium,581.9712,2017-09-01,0.1,0.00017182980876029606
187,Belgium,587.5756,2018-01-01,0.3,0.0005105725969560342
188,Belgium,596.2615,2018-03-01,0.2,0.0003354233000118237
189,Belgium,602.7127,2018-06-01,0.2,0.00033183306076012666
190,Belgium,614.6603,2018-09-03,2.4,0.00390459575801463
191,Belgium,623.212,2019-01-01,0.2,0.0003209180824502738
192,Belgium,635.1116,2019-03-01,0.2,0.0003149052859371487
193,Belgium,647.149,2019-06-03,0.2,0.00030904783906024735
194,Belgium,659.2788,2019-09-02,0.2,0.00030336179473691553
195,Belgium,649.1259,2020-01-01,0.1,0.00015405332001080222
196,Belgium,575.6998,2020-03-02,0.2,0.00034740328205776693
197,Canada,1052.4297,2004-01-01,0.2,0.00019003644613982296
198,Canada,1073.1741,2004-03-01,0.1,9.318152571889316e-05
199,Canada,1094.3589,2004-06-01,0.4,0.0003655108027174632
200,Canada,1114.6503,2004-09-01,0.2,0.0001794284718714022
201,Canada,1134.4874,2005-01-01,0.0,0.0
202,Canada,1156.4342,2005-03-01,0.3,0.00025941813204763403
203,Canada,1185.4406,2005-06-01,0.7,0.0005904977440455473
204,Canada,1209.0119,2005-09-01,0.7,0.00057898520270975
205,Canada,1225.1507,2006-01-01,0.1,8.162261181420376e-05
206,Canada,1236.2335,2006-03-01,0.2,0.00016178173459949113
207,Canada,1247.9232,2006-06-01,0.5,0.0004006656819906866
208,Canada,1257.1649,2006-09-01,0.4,0.00031817623925071406
209,Canada,1278.0914,2007-01-01,0.4,0.00031296666263461284
210,Canada,1299.3392,2007-03-01,0.3,0.0002308865922000968
211,Canada,1310.3677,2007-06-01,1.1,0.000839459031232226
212,Canada,1318.5171,2007-09-03,0.8,0.0006067422257929003
213,Canada,1326.389,2008-01-01,0.5,0.0003769633192072612
214,Canada,1340.3129,2008-03-03,0.9,0.000671484994287528
215,Canada,1360.6006,2008-06-02,0.7,0.0005144786794890432
216,Canada,1342.1447,2008-09-01,0.2,0.00014901522913289455
217,Canada,1309.0532,2009-01-01,0.1,7.639108937665788e-05
218,Canada,1293.7892,2009-03-02,0.5,0.00038646172034826075
219,Canada,1301.931,2009-06-01,0.2,0.00015361797207378886
220,Canada,1322.9879,2009-09-01,1.1,0.0008314512929407745
221,Canada,1342.5412,2010-01-01,1.0,0.0007448560982709507
222,Canada,1354.5081,2010-03-01,1.6,0.0011812406289781509
223,Canada,1366.9285,2010-06-01,1.1,0.0008047238754623963
224,Canada,1390.3414,2010-09-01,1.3,0.0009350221463591604
225,Canada,1408.8917,2011-01-01,0.8,0.0005678222108910147
226,Canada,1419.3974,2011-03-01,1.0,0.0007045243284227518
227,Canada,1442.9824,2011-06-01,0.8,0.000554407316402473
228,Canada,1451.72,2011-09-01,2.9,0.0019976303970462624
229,Canada,1453.3044,2012-01-01,0.5,0.0003440435465550094
230,Canada,1460.0999,2012-03-01,0.8,0.0005479077150816873
231,Canada,1471.2382,2012-06-01,1.1,0.0007476695480038515
232,Canada,1487.8805,2012-09-03,2.2,0.001478613369823719
233,Canada,1518.9412,2013-01-01,1.1,0.0007241886651043504
234,Canada,1539.6987,2013-03-01,1.6,0.0010391643507914894
235,Canada,1565.3937,2013-06-03,1.3,0.000830462010930541
236,Canada,1593.1668,2013-09-02,1.3,0.0008159848673723304
237,Canada,1604.4231,2014-01-01,1.4,0.0008725877856034359
238,Canada,1621.9252,2014-03-03,1.2,0.0007398614929961012
239,Canada,1632.4119,2014-06-02,2.0,0.001225180973013
240,Canada,1626.6754,2014-09-01,1.6,0.000983601276566917
241,Canada,1591.7443,2015-01-01,0.4,0.00025129664356266266
242,Canada,1584.2584,2015-03-02,1.2,0.0007574521934048133
243,Canada,1595.6184,2015-06-01,0.6,0.00037602975749088875
244,Canada,1607.9144,2015-09-01,0.6,0.0003731541927853871
245,Canada,1640.3662,2016-01-01,0.3,0.00018288599216443254
246,Canada,1661.7758,2016-03-01,0.5,0.0003008829470257059
247,Canada,1694.6231,2016-06-01,0.3,0.00017703051492688846
248,Canada,1716.1076,2016-09-01,0.2,0.00011654280885417675
249,Canada,1738.3326,2017-01-01,0.5,0.00028763195259641337
250,Canada,1757.1978,2017-03-01,0.2,0.00011381757932999917
251,Canada,1771.4616,2017-06-01,0.1,5.6450560373422717e-05
252,Canada,1796.0049,2017-09-01,0.8,0.00044543308317254596
253,Canada,1826.164,2018-01-01,0.1,5.4759594428539826e-05
254,Canada,1854.721,2018-03-01,0.1,5.3916465064017716e-05
255,Canada,1866.573,2018-06-01,0.3,0.00016072235053223206
256,Canada,1864.562,2018-09-03,0.2,0.00010726379707405816
257,Canada,1857.8601,2019-01-01,0.1,5.382536607573412e-05
258,Canada,1874.0683,2019-03-01,0.3,0.00016007954459290518
259,Canada,1876.8908,2019-06-03,0.1,5.3279604759104796e-05
260,Canada,1885.9108,2019-09-02,0.4,0.00021209910882317445
261,Canada,1847.4793,2020-01-01,0.0,0.0
262,Canada,1640.2388,2020-03-02,0.2,0.00012193346481012398
263,Denmark,174.2354,2004-01-01,0.0,0.0
264,Denmark,177.38,2004-03-01,0.0,0.0
265,Denmark,179.0429,2004-06-01,0.1,0.0005585253590061377
266,Denmark,181.4423,2004-09-01,0.0,0.0
267,Denmark,180.454,2005-01-01,0.0,0.0
268,Denmark,184.177,2005-03-01,0.0,0.0
269,Denmark,186.2224,2005-06-01,0.0,0.0
270,Denmark,189.4786,2005-09-01,0.1,0.0005277640852317888
271,Denmark,195.5776,2006-01-01,0.0,0.0
272,Denmark,204.6838,2006-03-01,0.0,0.0
273,Denmark,205.7698,2006-06-01,0.0,0.0
274,Denmark,206.0175,2006-09-01,0.0,0.0
275,Denmark,208.6374,2007-01-01,0.0,0.0
276,Denmark,209.551,2007-03-01,0.0,0.0
277,Denmark,214.0761,2007-06-01,0.0,0.0
278,Denmark,220.0663,2007-09-03,0.0,0.0
279,Denmark,224.6534,2008-01-01,0.0,0.0
280,Denmark,226.7124,2008-03-03,0.2,0.0008821749494072667
281,Denmark,229.6268,2008-06-02,0.9,0.0039194031358709
282,Denmark,226.0947,2008-09-01,0.9,0.0039806328940926086
283,Denmark,223.1259,2009-01-01,0.1,0.00044817746393403904
284,Denmark,219.5581,2009-03-02,0.1,0.00045546030868366964
285,Denmark,222.54,2009-06-01,0.0,0.0
286,Denmark,225.8512,2009-09-01,0.0,0.0
287,Denmark,231.5474,2010-01-01,0.1,0.0004318770152461224
288,Denmark,236.4827,2010-03-01,0.1,0.00042286391351248955
289,Denmark,242.4003,2010-06-01,0.0,0.0
290,Denmark,243.9693,2010-09-01,0.0,0.0
291,Denmark,245.5835,2011-01-01,0.4,0.001628773920071992
292,Denmark,249.0272,2011-03-01,0.3,0.0012046876807031521
293,Denmark,246.7244,2011-06-01,1.9,0.0077009002757732915
294,Denmark,248.09,2011-09-01,0.1,0.0004030795275907937
295,Denmark,248.2611,2012-01-01,0.4,0.001611206910788682
296,Denmark,249.1907,2012-03-01,0.7,0.002809093597794781
297,Denmark,251.2308,2012-06-01,0.4,0.0015921614706477074
298,Denmark,253.4333,2012-09-03,0.4,0.0015783245532453708
299,Denmark,258.1554,2013-01-01,0.8,0.003098908641849057
300,Denmark,260.6582,2013-03-01,0.5,0.0019182208731587955
301,Denmark,264.3325,2013-06-03,0.1,0.00037831140703470064
302,Denmark,266.391,2013-09-02,0.2,0.0007507761148086835
303,Denmark,267.2814,2014-01-01,0.1,0.0003741375194832113
304,Denmark,267.8001,2014-03-03,0.1,0.0003734128553350055
305,Denmark,272.603,2014-06-02,0.5,0.0018341691030546252
306,Denmark,273.6373,2014-09-01,0.3,0.0010963417633487833
307,Denmark,274.9207,2015-01-01,0.2,0.0007274825067737715
308,Denmark,277.7118,2015-03-02,0.3,0.0010802565825434858
309,Denmark,280.1764,2015-06-01,0.2,0.0007138359976072218
310,Denmark,282.2531,2015-09-01,0.1,0.0003542919457749091
311,Denmark,287.5227,2016-01-01,0.1,0.0003477986259867482
312,Denmark,295.5563,2016-03-01,1.9,0.0064285552363458325
313,Denmark,301.0541,2016-06-01,0.2,0.000664332423972967
314,Denmark,307.096,2016-09-01,0.1,0.0003256310730195118
315,Denmark,312.9302,2017-01-01,0.1,0.00031956008081035324
316,Denmark,318.9479,2017-03-01,0.5,0.001567654152919646
317,Denmark,320.0855,2017-06-01,0.5,0.001562082631047017
318,Denmark,324.681,2017-09-01,0.0,0.0
319,Denmark,327.488,2018-01-01,0.0,0.0
320,Denmark,331.5291,2018-03-01,0.1,0.00030163264702857154
321,Denmark,334.7243,2018-06-01,0.0,0.0
322,Denmark,338.3786,2018-09-03,1.6,0.0047284314078963625
323,Denmark,339.7783,2019-01-01,0.0,0.0
324,Denmark,346.7094,2019-03-01,0.2,0.0005768519688246122
325,Denmark,351.8353,2019-06-03,0.0,0.0
326,Denmark,355.2374,2019-09-02,0.1,0.00028150189141120844
327,Denmark,359.5495,2020-01-01,0.1,0.0002781258213403161
328,Denmark,337.62,2020-03-02,0.0,0.0
329,Finland,158.9799,2004-01-01,0.0,0.0
330,Finland,162.1093,2004-03-01,0.0,0.0
331,Finland,164.507,2004-06-01,0.0,0.0
332,Finland,166.9757,2004-09-01,0.0,0.0
333,Finland,167.7529,2005-01-01,0.0,0.0
334,Finland,165.5922,2005-03-01,0.0,0.0
335,Finland,168.612,2005-06-01,0.0,0.0
336,Finland,170.6461,2005-09-01,0.1,0.0005860081185564746
337,Finland,176.6522,2006-01-01,0.0,0.0
338,Finland,179.4704,2006-03-01,0.0,0.0
339,Finland,183.3177,2006-06-01,0.1,0.0005455010618178168
340,Finland,186.3273,2006-09-01,0.2,0.0010733800146301696
341,Finland,192.4557,2007-01-01,0.0,0.0
342,Finland,198.2126,2007-03-01,0.4,0.0020180351804073003
343,Finland,202.3577,2007-06-01,0.2,0.0009883488495866478
344,Finland,207.6782,2007-09-03,0.1,0.00048151418877860077
345,Finland,210.2468,2008-01-01,0.3,0.0014268944878114672
346,Finland,211.7423,2008-03-03,0.2,0.0009445443824875805
347,Finland,216.1042,2008-06-02,0.0,0.0
348,Finland,213.8918,2008-09-01,0.0,0.0
349,Finland,202.2673,2009-01-01,0.1,0.0004943952878196327
350,Finland,201.9783,2009-03-02,0.1,0.0004951026917248041
351,Finland,204.1633,2009-06-01,0.0,0.0
352,Finland,202.5624,2009-09-01,0.0,0.0
353,Finland,203.4056,2010-01-01,0.0,0.0
354,Finland,209.0363,2010-03-01,0.0,0.0
355,Finland,208.5626,2010-06-01,0.2,0.0009589447005359542
356,Finland,214.6948,2010-09-01,0.1,0.0004657774664314181
357,Finland,218.135,2011-01-01,0.1,0.0004584317051367273
358,Finland,219.9426,2011-03-01,0.3,0.0013639922416121297
359,Finland,221.8077,2011-06-01,0.1,0.00045084097621498264
360,Finland,221.999,2011-09-01,0.0,0.0
361,Finland,221.8518,2012-01-01,0.1,0.00045075135743771294
362,Finland,220.1927,2012-03-01,0.1,0.00045414766247927387
363,Finland,220.7377,2012-06-01,0.1,0.0004530263747425112
364,Finland,222.3655,2012-09-03,0.3,0.0013491301483368598
365,Finland,222.6336,2013-01-01,0.5,0.0022458424963707185
366,Finland,225.0705,2013-03-01,0.0,0.0
367,Finland,227.148,2013-06-03,0.0,0.0
368,Finland,227.8797,2013-09-02,0.2,0.0008776560615096474
369,Finland,226.4388,2014-01-01,0.2,0.0008832408580154992
370,Finland,227.5832,2014-03-03,0.1,0.0004393997447966282
371,Finland,229.1887,2014-06-02,0.3,0.0013089650580504187
372,Finland,229.0239,2014-09-01,0.0,0.0
373,Finland,227.5387,2015-01-01,0.2,0.0008789713573998621
374,Finland,232.7254,2015-03-02,0.4,0.0017187638306777001
375,Finland,234.3156,2015-06-01,1.6,0.006828397255667144
376,Finland,236.9689,2015-09-01,0.3,0.0012659889124691046
377,Finland,241.4418,2016-01-01,0.4,0.0016567139575665855
378,Finland,244.8537,2016-03-01,0.1,0.0004084071427142004
379,Finland,249.4075,2016-06-01,0.1,0.000400950252097471
380,Finland,252.1559,2016-09-01,0.3,0.0011897401567839579
381,Finland,256.3961,2017-01-01,0.1,0.0003900215330888419
382,Finland,260.8152,2017-03-01,0.2,0.0007668264733037032
383,Finland,263.4872,2017-06-01,0.0,0.0
384,Finland,267.4727,2017-09-01,0.0,0.0
385,Finland,270.3638,2018-01-01,0.1,0.000369872002094955
386,Finland,272.9454,2018-03-01,0.1,0.00036637364102857204
387,Finland,274.279,2018-06-01,0.6,0.00218755354948793
388,Finland,276.2451,2018-09-03,0.4,0.0014479894847003623
389,Finland,280.1826,2019-01-01,0.1,0.0003569101007699979
390,Finland,285.3332,2019-03-01,0.4,0.001401869813957857
391,Finland,288.1704,2019-06-03,0.5,0.001735084519437111
392,Finland,290.7412,2019-09-02,0.4,0.0013757940051152022
393,Finland,294.261,2020-01-01,0.5,0.0016991718236531513
394,Finland,276.1964,2020-03-02,0.1,0.0003620611999287464
395,France,1788.4106,2004-01-01,0.1,5.591557106628646e-05
396,France,1809.3568,2004-03-01,0.1,5.5268258864144435e-05
397,France,1825.1787,2004-06-01,0.1,5.478915571390352e-05
398,France,1855.428,2004-09-01,0.1,5.3895920509984756e-05
399,France,1879.899,2005-01-01,0.2,0.0001063886942862356
400,France,1905.4348,2005-03-01,0.7,0.0003673702191226905
401,France,1939.7378,2005-06-01,0.8,0.000412426875426153
402,France,1977.0076,2005-09-01,0.5,0.00025290747491309596
403,France,2016.1074,2006-01-01,1.0,0.0004960053219387023
404,France,2061.9901,2006-03-01,1.2,0.0005819620569468302
405,France,2082.9461,2006-06-01,0.5,0.00024004461757315754
406,France,2109.7516,2006-09-01,0.9,0.00042659050477790846
407,France,2145.3209,2007-01-01,0.8,0.0003729045850436641
408,France,2176.1953,2007-03-01,0.4,0.0001838070323927269
409,France,2201.4179,2007-06-01,0.9,0.0004088274198188359
410,France,2221.0013,2007-09-03,0.7,0.00031517316086217506
411,France,2247.5327,2008-01-01,0.8,0.00035594587789534716
412,France,2254.6594,2008-03-03,1.6,0.0007096415538417909
413,France,2275.2951,2008-06-02,0.9,0.0003955530867182899
414,France,2256.898,2008-09-01,0.8,0.00035446883288478255
415,France,2228.6224,2009-01-01,0.8,0.00035896614877423827
416,France,2232.7804,2009-03-02,1.0,0.0004478720791350551
417,France,2245.4476,2009-06-01,0.6,0.00026720730423635805
418,France,2273.8953,2009-09-01,1.0,0.00043977398607578805
419,France,2291.3642,2010-01-01,1.4,0.0006109897326666795
420,France,2317.4362,2010-03-01,1.1,0.00047466247398741766
421,France,2343.9398,2010-06-01,1.3,0.0005546217526576408
422,France,2379.9685,2010-09-01,1.3,0.0005462257168529752
423,France,2424.6478,2011-01-01,2.4,0.000989834482352447
424,France,2439.141,2011-03-01,2.9,0.0011889431566276816
425,France,2460.5727,2011-06-01,2.3,0.0009347417371573698
426,France,2456.4211,2011-09-01,2.4,0.0009770311775941021
427,France,2453.0197,2012-01-01,1.8,0.0007337894595791465
428,France,2453.7151,2012-03-01,1.7,0.000692826970824771
429,France,2479.2171,2012-06-01,0.8,0.0003226825113460213
430,France,2509.9287,2012-09-03,1.0,0.00039841769210416215
431,France,2557.2443,2013-01-01,1.0,0.00039104593956862084
432,France,2605.479,2013-03-01,1.2,0.00046056790325310626
433,France,2626.1383,2013-06-03,0.9,0.00034270853138237235
434,France,2657.545,2013-09-02,1.1,0.0004139158509075105
435,France,2653.6562,2014-01-01,0.9,0.000339154710395416
436,France,2658.3331,2014-03-03,1.6,0.000601880930572621
437,France,2675.1467,2014-06-02,1.5,0.0005607169132070402
438,France,2672.1768,2014-09-01,2.0,0.0007484534705937122
439,France,2681.6499,2015-01-01,0.7,0.00026103332877270815
440,France,2704.0115,2015-03-02,0.5,0.00018491045618703914
441,France,2732.5903,2015-06-01,0.7,0.00025616719784154985
442,France,2762.2946,2015-09-01,1.0,0.00036201786731943796
443,France,2812.0579,2016-01-01,0.6,0.0002133668727091288
444,France,2848.0457,2016-03-01,0.9,0.00031600616521005963
445,France,2877.8861,2016-06-01,0.6,0.00020848636087439316
446,France,2913.4191,2016-09-01,1.2,0.0004118871878062445
447,France,2941.821,2017-01-01,1.1,0.0003739180595964201
448,France,2967.0198,2017-03-01,1.4,0.000471853945834807
449,France,3000.4345,2017-06-01,0.9,0.00029995655629209706
450,France,3034.6383,2017-09-01,1.0,0.0003295285635853209
451,France,3051.4502,2018-01-01,1.5,0.0004915695494555342
452,France,3100.4397,2018-03-01,1.2,0.00038704187667316995
453,France,3144.3764,2018-06-01,0.6,0.00019081685004377973
454,France,3214.4203,2018-09-03,1.2,0.00037331770210634866
455,France,3301.2439,2019-01-01,0.5,0.00015145806100542888
456,France,3392.0183,2019-03-01,1.0,0.0002948097302423162
457,France,3447.2473,2019-06-03,2.9,0.0008412509308514071
458,France,3490.174,2019-09-02,0.5,0.0001432593332022988
459,France,3339.8786,2020-01-01,0.5,0.00014970604021355747
460,France,2874.2297,2020-03-02,5.7,0.0019831400392251184
461,Germany,2548.1611,2004-01-01,1.9,0.0007456357449299419
462,Germany,2584.6122,2004-03-01,3.5,0.0013541683351955083
463,Germany,2588.2477,2004-06-01,1.6,0.0006181788551381694
464,Germany,2588.064,2004-09-01,1.9,0.0007341394957775388
465,Germany,2581.4242,2005-01-01,1.9,0.0007360278097648577
466,Germany,2595.6272,2005-03-01,3.7,0.001425474351632623
467,Germany,2631.4392,2005-06-01,2.4,0.0009120484334200084
468,Germany,2664.943,2005-09-01,2.6,0.0009756306232440993
469,Germany,2718.5414,2006-01-01,1.9,0.0006989041991414955
470,Germany,2797.3661,2006-03-01,3.9,0.001394168607391074
471,Germany,2843.2808,2006-06-01,2.2,0.000773754037940959
472,Germany,2900.1342,2006-09-01,3.1,0.0010689160522295831
473,Germany,2929.5988,2007-01-01,2.5,0.0008533591698631225
474,Germany,2974.856,2007-03-01,5.4,0.0018152139128751106
475,Germany,3008.6389,2007-06-01,3.3,0.001096841498659078
476,Germany,3045.5736,2007-09-03,3.5,0.0011492088058551596
477,Germany,3081.5052,2008-01-01,3.2,0.0010384535453647782
478,Germany,3100.4605,2008-03-03,4.8,0.0015481571205309662
479,Germany,3119.1596,2008-06-02,4.7,0.001506816130857812
480,Germany,3097.9444,2008-09-01,4.0,0.0012911787571139109
481,Germany,2977.0907,2009-01-01,5.0,0.0016794919953228163
482,Germany,2994.2167,2009-03-02,7.1,0.0023712378599718585
483,Germany,3023.695,2009-06-01,6.3,0.0020835434790876725
484,Germany,3057.0104,2009-09-01,7.2,0.002355242232738233
485,Germany,3082.8805,2010-01-01,7.3,0.0023679153311326855
486,Germany,3165.1723,2010-03-01,9.0,0.002843447100810278
487,Germany,3205.8239,2010-06-01,11.7,0.003649607827803642
488,Germany,3261.2946,2010-09-01,9.1,0.0027903029674166816
489,Germany,3358.8779,2011-01-01,8.2,0.002441291480110069
490,Germany,3394.6757,2011-03-01,7.8,0.0022977158024255454
491,Germany,3449.0053,2011-06-01,11.5,0.003334294673307693
492,Germany,3438.2623,2011-09-01,7.8,0.0022685878270543814
493,Germany,3454.17,2012-01-01,7.5,0.002171288616368042
494,Germany,3472.2146,2012-03-01,6.6,0.0019008041726453198
495,Germany,3506.028,2012-06-01,6.4,0.0018254275208298395
496,Germany,3522.9997,2012-09-03,5.8,0.0016463242957414955
497,Germany,3544.9742,2013-01-01,4.8,0.0013540296005539335
498,Germany,3613.5706,2013-03-01,2.3,0.0006364895707309551
499,Germany,3667.7667,2013-06-03,1.7,0.0004634973102296828
500,Germany,3713.3047,2013-09-02,4.6,0.0012387887263870373
501,Germany,3774.0587,2014-01-01,4.4,0.0011658536206657305
502,Germany,3797.2809,2014-03-03,3.8,0.0010007160650137839
503,Germany,3827.9029,2014-06-02,1.5,0.0003918594695805894
504,Germany,3852.6337,2014-09-01,9.0,0.002336064287658596
505,Germany,3812.0624,2015-01-01,3.4,0.0008919056519116792
506,Germany,3860.25,2015-03-02,6.8,0.001761543941454569
507,Germany,3907.7917,2015-06-01,1.8,0.00046061820541765314
508,Germany,3963.0702,2015-09-01,2.0,0.0005046592412115233
509,Germany,4052.5652,2016-01-01,1.7,0.00041948739035710023
510,Germany,4144.4164,2016-03-01,5.9,0.0014236021264658638
511,Germany,4194.7751,2016-06-01,4.0,0.0009535672126975294
512,Germany,4242.8027,2016-09-01,2.9,0.0006835104540684863
513,Germany,4308.9376,2017-01-01,4.7,0.0010907561065632513
514,Germany,4355.8174,2017-03-01,4.3,0.0009871855509829223
515,Germany,4412.262,2017-06-01,3.0,0.0006799233590389692
516,Germany,4491.2105,2017-09-01,1.8,0.0004007828179062193
517,Germany,4505.8707,2018-01-01,1.7,0.00037728557102182264
518,Germany,4590.6597,2018-03-01,1.6,0.0003485337848065715
519,Germany,4582.0731,2018-06-01,1.6,0.00034918692152685214
520,Germany,4652.2037,2018-09-03,1.4,0.0003009326526265391
521,Germany,4717.74,2019-01-01,1.3,0.000275555668604035
522,Germany,4753.1185,2019-03-01,1.6,0.0003366211046495054
523,Germany,4793.0496,2019-06-03,1.4,0.0002920896124254587
524,Germany,4847.1947,2019-09-02,1.4,0.00028882685484038837
525,Germany,4824.5722,2020-01-01,1.1,0.00022799948977859637
526,Germany,4351.6527,2020-03-02,2.5,0.0005744943754357971
527,Greece,276.6484,2004-01-01,0.0,0.0
528,Greece,278.3789,2004-03-01,0.0,0.0
529,Greece,282.1202,2004-06-01,0.0,0.0
530,Greece,279.8078,2004-09-01,0.1,0.0003573881785997389
531,Greece,276.0417,2005-01-01,0.0,0.0
532,Greece,276.7654,2005-03-01,0.2,0.0007226336818113825
533,Greece,283.2484,2005-06-01,0.1,0.000353047007502955
534,Greece,289.5994,2005-09-01,0.1,0.0003453045828133622
535,Greece,306.786,2006-01-01,0.3,0.0009778803465607948
536,Greece,313.1732,2006-03-01,0.1,0.0003193121250477372
537,Greece,316.8039,2006-06-01,0.1,0.00031565267978077294
538,Greece,322.907,2006-09-01,0.3,0.0009290600699272546
539,Greece,318.0339,2007-01-01,0.0,0.0
540,Greece,326.1105,2007-03-01,0.2,0.0006132890538636444
541,Greece,325.4718,2007-06-01,0.4,0.0012289851225205995
542,Greece,327.6891,2007-09-03,0.2,0.0006103346128998493
543,Greece,335.9434,2008-01-01,0.0,0.0
544,Greece,339.6661,2008-03-03,0.1,0.00029440677182680287
545,Greece,345.4386,2008-06-02,0.0,0.0
546,Greece,344.192,2008-09-01,0.4,0.0011621420602454444
547,Greece,329.8059,2009-01-01,0.1,0.0003032086448423148
548,Greece,339.9788,2009-03-02,0.3,0.0008824079619082131
549,Greece,339.1227,2009-06-01,0.1,0.00029487852037035563
550,Greece,341.6521,2009-09-01,0.2,0.0005853908112960523
551,Greece,323.7919,2010-01-01,0.3,0.0009265210155040938
552,Greece,313.8417,2010-03-01,0.2,0.000637263945485893
553,Greece,304.5592,2010-06-01,0.3,0.000985030168190618
554,Greece,303.9638,2010-09-01,0.3,0.0009869596313771573
555,Greece,293.4337,2011-01-01,0.5,0.0017039624283100407
556,Greece,290.1552,2011-03-01,0.4,0.0013785725708172732
557,Greece,286.3749,2011-06-01,0.4,0.001396770457187414
558,Greece,274.5302,2011-09-01,0.3,0.0010927759496040872
559,Greece,276.2163,2012-01-01,0.6,0.002172210691403802
560,Greece,274.2054,2012-03-01,0.7,0.0025528308341119465
561,Greece,274.0148,2012-06-01,0.8,0.0029195503308580414
562,Greece,276.371,2012-09-03,1.0,0.0036183246433236487
563,Greece,279.523,2013-01-01,0.7,0.0025042661963416246
564,Greece,283.5874,2013-03-01,0.7,0.002468374829065043
565,Greece,287.1315,2013-06-03,0.8,0.0027861798513921323
566,Greece,291.0398,2013-09-02,0.6,0.0020615737091628015
567,Greece,290.0628,2014-01-01,0.0,0.0
568,Greece,290.0411,2014-03-03,0.0,0.0
569,Greece,292.8187,2014-06-02,0.0,0.0
570,Greece,288.8602,2014-09-01,0.1,0.00034618822530760557
571,Greece,289.1104,2015-01-01,0.2,0.0006917772587911054
572,Greece,289.9607,2015-03-02,0.1,0.00034487432262372115
573,Greece,285.5035,2015-06-01,0.0,0.0
574,Greece,291.8857,2015-09-01,0.2,0.0006851997203014742
575,Greece,291.5062,2016-01-01,0.0,0.0
576,Greece,294.3828,2016-03-01,0.1,0.00033969375928213203
577,Greece,298.0789,2016-06-01,0.0,0.0
578,Greece,302.7232,2016-09-01,0.2,0.0006606695489476855
579,Greece,304.0331,2017-01-01,0.1,0.0003289115560115001
580,Greece,306.4122,2017-03-01,0.6,0.001958146575103733
581,Greece,310.7775,2017-06-01,0.1,0.000321773616172342
582,Greece,308.8706,2017-09-01,0.2,0.0006475203531835014
583,Greece,313.1926,2018-01-01,0.1,0.00031929234598774046
584,Greece,316.4675,2018-03-01,0.1,0.0003159882136396313
585,Greece,317.2814,2018-06-01,0.4,0.0012607105238441334
586,Greece,321.8775,2018-09-03,0.0,0.0
587,Greece,327.7351,2019-01-01,0.4,0.0012204978960141896
588,Greece,334.3983,2019-03-01,0.2,0.0005980891649269749
589,Greece,335.0062,2019-06-03,0.2,0.0005970038763461692
590,Greece,335.3495,2019-09-02,0.3,0.0008945890779619472
591,Greece,329.3058,2020-01-01,0.0,0.0
592,Greece,282.7779,2020-03-02,0.0,0.0
593,Hungary,165.3461,2004-06-01,0.0,0.0
594,Hungary,167.3196,2005-01-01,0.0,0.0
595,Hungary,171.4168,2005-03-01,0.0,0.0
596,Hungary,173.9743,2005-06-01,0.1,0.0005747975419357918
597,Hungary,179.9192,2006-01-01,0.4,0.002223220201068035
598,Hungary,184.4887,2006-03-01,0.0,0.0
599,Hungary,187.1687,2006-06-01,0.0,0.0
600,Hungary,188.8324,2006-09-01,0.1,0.000529570137328128
601,Hungary,188.6639,2007-01-01,0.0,0.0
602,Hungary,189.6751,2007-03-01,0.1,0.0005272173311098822
603,Hungary,193.1527,2007-06-01,0.1,0.0005177250952225882
604,Hungary,196.6551,2007-09-03,0.0,0.0
605,Hungary,203.3847,2008-01-01,0.1,0.000491679069271189
606,Hungary,208.0405,2008-03-03,0.0,0.0
607,Hungary,211.7504,2008-06-02,0.1,0.00047225412561204135
608,Hungary,209.1648,2008-09-01,0.2,0.0009561838320788201
609,Hungary,206.6457,2009-03-02,0.0,0.0
610,Hungary,208.8209,2009-06-01,0.0,0.0
611,Hungary,211.153,2009-09-01,0.1,0.0004735902402523289
612,Hungary,212.3495,2010-01-01,0.0,0.0
613,Hungary,215.9906,2010-03-01,0.0,0.0
614,Hungary,219.4375,2010-06-01,0.3,0.0013671318712617487
615,Hungary,228.3904,2011-03-01,0.2,0.0008756935492910385
616,Hungary,233.377,2011-09-01,0.1,0.0004284912394966085
617,Hungary,233.3684,2012-09-03,0.1,0.0004285070300863356
618,Hungary,245.654,2013-06-03,0.0,0.0
619,Hungary,249.7075,2014-01-01,0.0,0.0
620,Hungary,252.8527,2014-03-03,0.0,0.0
621,Hungary,255.2107,2014-06-02,0.0,0.0
622,Hungary,256.1197,2014-09-01,0.1,0.00039044243765707986
623,Hungary,259.8721,2015-01-01,0.0,0.0
624,Hungary,261.4593,2015-03-02,0.1,0.000382468705454348
625,Hungary,264.712,2015-06-01,0.0,0.0
626,Hungary,268.5098,2015-09-01,0.0,0.0
627,Hungary,267.8517,2016-01-01,0.0,0.0
628,Hungary,273.9955,2016-03-01,0.0,0.0
629,Hungary,276.0475,2016-06-01,0.0,0.0
630,Hungary,279.0044,2016-09-01,0.0,0.0
631,Hungary,283.0388,2017-01-01,0.0,0.0
632,Hungary,286.2256,2017-03-01,0.0,0.0
633,Hungary,289.7436,2017-06-01,0.2,0.0006902654622914881
634,Hungary,295.6799,2017-09-01,0.2,0.0006764071551701689
635,Hungary,302.8995,2018-01-01,0.1,0.0003301425060127204
636,Hungary,308.7749,2018-03-01,0.2,0.0006477210420924759
637,Hungary,315.1865,2018-06-01,0.1,0.0003172724720126021
638,Hungary,320.6859,2018-09-03,0.3,0.0009354948253103738
639,Hungary,329.2853,2019-01-01,0.1,0.0003036880176552066
640,Hungary,334.0651,2019-03-01,0.2,0.0005986857052712182
641,Hungary,342.2586,2019-06-03,0.1,0.00029217673420039704
642,Hungary,348.3199,2019-09-02,0.2,0.0005741848226300019
643,Hungary,351.7904,2020-01-01,0.3,0.0008527805193092251
644,Hungary,301.1424,2020-03-02,0.2,0.0006641376305694582
645,Ireland,152.174,2004-01-01,0.0,0.0
646,Ireland,156.5444,2004-03-01,0.1,0.0006387964053648678
647,Ireland,155.5392,2004-06-01,0.1,0.0006429247418014238
648,Ireland,160.6333,2004-09-01,0.1,0.0006225359249918916
649,Ireland,162.1347,2005-01-01,0.0,0.0
650,Ireland,165.6523,2005-03-01,0.1,0.0006036740811929567
651,Ireland,173.4208,2005-09-01,0.0,0.0
652,Ireland,181.3117,2006-01-01,0.1,0.0005515363873373864
653,Ireland,185.4355,2006-03-01,0.2,0.0010785421345966659
654,Ireland,189.4359,2006-06-01,0.1,0.0005278830464552918
655,Ireland,193.0568,2006-09-01,0.1,0.0005179822725747034
656,Ireland,204.8001,2007-01-01,0.1,0.00048828101158153735
657,Ireland,203.8301,2007-03-01,0.1,0.0004906046751681916
658,Ireland,199.1575,2007-06-01,0.1,0.0005021151601119717
659,Ireland,206.2324,2007-09-03,0.1,0.0004848898621167188
660,Ireland,201.4892,2008-01-01,0.1,0.0004963045165696226
661,Ireland,198.0092,2008-03-03,0.1,0.000505027039147676
662,Ireland,196.9006,2008-06-02,0.2,0.0010157409373054223
663,Ireland,188.6231,2008-09-01,0.2,0.0010603155180887178
664,Ireland,186.512,2009-01-01,0.1,0.000536158531354551
665,Ireland,187.1612,2009-03-02,0.1,0.0005342987756009258
666,Ireland,186.1658,2009-06-01,0.1,0.0005371555892650531
667,Ireland,181.5958,2009-09-01,0.2,0.0011013470575861337
668,Ireland,189.7017,2010-01-01,0.0,0.0
669,Ireland,194.0696,2010-03-01,0.1,0.0005152790545247685
670,Ireland,196.7564,2010-06-01,0.0,0.0
671,Ireland,195.3882,2010-09-01,0.1,0.000511801633875536
672,Ireland,203.0827,2011-01-01,0.0,0.0
673,Ireland,207.8999,2011-03-01,0.1,0.000481000712362055
674,Ireland,207.4696,2011-06-01,0.1,0.00048199832650181037
675,Ireland,210.5016,2012-01-01,0.1,0.00047505577154757973
676,Ireland,213.5828,2012-03-01,0.0,0.0
677,Ireland,213.9236,2012-06-01,0.1,0.00046745660600326476
678,Ireland,214.6882,2012-09-03,0.6,0.0027947507128943277
679,Ireland,215.802,2013-01-01,0.3,0.0013901632051602857
680,Ireland,219.2235,2013-03-01,0.1,0.0004561554760324509
681,Ireland,225.9367,2013-06-03,0.1,0.0004426018437907609
682,Ireland,220.8824,2013-09-02,0.0,0.0
683,Ireland,227.2962,2014-01-01,0.1,0.000439954561492889
684,Ireland,234.8909,2014-03-03,0.0,0.0
685,Ireland,241.5381,2014-06-02,0.7,0.00289809350988519
686,Ireland,246.4077,2014-09-01,0.1,0.00040583147361060554
687,Ireland,312.5698,2015-01-01,0.0,0.0
688,Ireland,315.1683,2015-03-02,0.6,0.0019037447611323854
689,Ireland,333.0205,2015-06-01,0.2,0.0006005636289657843
690,Ireland,339.5894,2015-09-01,0.4,0.0011778930673336683
691,Ireland,325.6058,2016-01-01,0.1,0.0003071198363174121
692,Ireland,329.7989,2016-03-01,0.2,0.0006064301609253397
693,Ireland,333.6425,2016-06-01,0.3,0.0008991660235131916
694,Ireland,368.8742,2016-09-01,0.1,0.00027109513216158794
695,Ireland,354.0019,2017-01-01,0.1,0.0002824843595472228
696,Ireland,361.3998,2017-03-01,0.1,0.0002767018686783999
697,Ireland,380.5549,2017-06-01,0.4,0.0010510967011592809
698,Ireland,402.5204,2017-09-01,0.1,0.0002484346135003344
699,Ireland,402.6994,2018-01-01,0.1,0.0002483241842426386
700,Ireland,411.7626,2018-03-01,0.4,0.0009714335396172455
701,Ireland,414.6875,2018-06-01,0.1,0.00024114544084400907
702,Ireland,419.5847,2018-09-03,0.1,0.00023833090196091517
703,Ireland,428.0003,2019-01-01,0.1,0.00023364469604343738
704,Ireland,436.7372,2019-03-01,0.2,0.00045794129742096623
705,Ireland,446.3178,2019-06-03,0.1,0.00022405559446654383
706,Ireland,454.8078,2019-09-02,0.1,0.00021987309804273367
707,Ireland,468.3869,2020-01-01,0.0,0.0
708,Ireland,439.5372,2020-03-02,0.0,0.0
709,Italy,1693.4068,2004-01-01,0.2,0.00011810511213253662
710,Italy,1703.8187,2004-03-01,0.3,0.00017607507183716202
711,Italy,1701.5918,2004-06-01,0.2,0.0001175370027053492
712,Italy,1709.6527,2004-09-01,0.2,0.00011698282347052124
713,Italy,1707.2034,2005-01-01,0.2,0.00011715065703360244
714,Italy,1729.6597,2005-03-01,0.2,0.00011562968137605334
715,Italy,1760.5737,2005-06-01,0.7,0.0003975976694415008
716,Italy,1792.636,2005-09-01,0.9,0.0005020539585281117
717,Italy,1828.2367,2006-01-01,0.2,0.00010939502527216527
718,Italy,1874.8567,2006-03-01,0.2,0.00010667481946753584
719,Italy,1908.7826,2006-06-01,0.5,0.00026194706510840993
720,Italy,1946.7577,2006-09-01,0.6,0.0003082047652874315
721,Italy,1958.8139,2007-01-01,0.4,0.0002042052080598366
722,Italy,1982.4423,2007-03-01,0.7,0.0003530998102693834
723,Italy,2009.0391,2007-06-01,0.8,0.0003982003137718923
724,Italy,2029.9597,2007-09-03,1.5,0.0007389309255745323
725,Italy,2082.8733,2008-01-01,1.2,0.0005761272181077936
726,Italy,2096.8104,2008-03-03,1.9,0.0009061381992382335
727,Italy,2105.7373,2008-06-02,2.9,0.001377189832748843
728,Italy,2071.7731,2008-09-01,1.8,0.0008688210113356526
729,Italy,2036.8384,2009-01-01,1.3,0.0006382440551002967
730,Italy,2032.4136,2009-03-02,2.0,0.0009840516713724018
731,Italy,2048.8388,2009-06-01,2.3,0.0011225870966520156
732,Italy,2055.969,2009-09-01,2.1,0.0010214161789404413
733,Italy,2054.1401,2010-01-01,5.4,0.002628837244353489
734,Italy,2071.0922,2010-03-01,4.9,0.002365901431138604
735,Italy,2086.0546,2010-06-01,5.5,0.0026365561093175606
736,Italy,2115.8473,2010-09-01,7.8,0.003686466409934214
737,Italy,2151.5206,2011-01-01,8.8,0.0040901304872470205
738,Italy,2177.753,2011-03-01,9.7,0.004454132309770667
739,Italy,2189.6043,2011-06-01,7.3,0.0033339357252815042
740,Italy,2177.9483,2011-09-01,6.6,0.0030303749634461017
741,Italy,2170.2135,2012-01-01,3.7,0.0017049013841264928
742,Italy,2168.894,2012-03-01,4.1,0.0018903643977068497
743,Italy,2174.7155,2012-06-01,3.9,0.001793338025134782
744,Italy,2176.364,2012-09-03,3.5,0.0016081868658000223
745,Italy,2171.4965,2013-01-01,0.8,0.0003684095277151034
746,Italy,2181.9982,2013-03-01,1.0,0.00045829552013379297
747,Italy,2195.88,2013-06-03,0.8,0.0003643186330764887
748,Italy,2198.8837,2013-09-02,0.8,0.00036382096970385475
749,Italy,2201.8044,2014-01-01,0.4,0.0001816691800597728
750,Italy,2203.4555,2014-03-03,0.2,9.076652557766654e-05
751,Italy,2207.01,2014-06-02,0.3,0.00013593051232210093
752,Italy,2194.8102,2014-09-01,0.3,0.0001366860788235812
753,Italy,2194.2719,2015-01-01,0.4,0.0001822928143043713
754,Italy,2220.0487,2015-03-02,0.4,0.00018017622766563636
755,Italy,2250.0041,2015-06-01,0.3,0.0001333330903708131
756,Italy,2295.2557,2015-09-01,0.2,8.713626111461132e-05
757,Italy,2351.6002,2016-01-01,0.4,0.0001700969407980149
758,Italy,2409.0325,2016-03-01,0.3,0.00012453132118391927
759,Italy,2451.2903,2016-06-01,0.3,0.00012238452540688468
760,Italy,2479.4314,2016-09-01,0.6,0.00024199096615457882
761,Italy,2496.8609,2017-01-01,0.3,0.00012015086623367765
762,Italy,2507.7822,2017-03-01,0.3,0.00011962761359419489
763,Italy,2525.3747,2017-06-01,0.2,7.919616839433769e-05
764,Italy,2551.7075,2017-09-01,0.2,7.837888942992095e-05
765,Italy,2561.2476,2018-01-01,0.6,0.00023426083444646272
766,Italy,2587.2961,2018-03-01,0.6,0.00023190233232292198
767,Italy,2608.8745,2018-06-01,0.4,0.0001533228217762104
768,Italy,2644.6664,2018-09-03,0.3,0.0001134358571651986
769,Italy,2682.9808,2019-01-01,0.6,0.0002236318649764471
770,Italy,2727.5251,2019-03-01,0.3,0.00010998982190851333
771,Italy,2761.6211,2019-06-03,0.3,0.00010863184670771816
772,Italy,2770.8135,2019-09-02,0.3,0.0001082714516873835
773,Italy,2641.416,2020-01-01,0.4,0.00015143392786293414
774,Italy,2313.9431,2020-03-02,0.2,8.643254883838761e-05
775,Japan,3886.3059,2004-01-01,1.2,0.0003087765170518358
776,Japan,3919.9258,2004-03-01,1.0,0.0002551068696249301
777,Japan,3966.7282,2004-06-01,0.7,0.00017646785075922268
778,Japan,3983.0757,2004-09-01,1.0,0.0002510622632655463
779,Japan,4024.3369,2005-01-01,0.6,0.0001490928853396941
780,Japan,4077.4117,2005-03-01,0.7,0.0001716775374927187
781,Japan,4152.7693,2005-06-01,0.6,0.00014448190030686269
782,Japan,4194.2451,2005-09-01,1.0,0.00023842192722595061
783,Japan,4234.9556,2006-01-01,0.9,0.00021251698601043183
784,Japan,4282.1784,2006-03-01,0.8,0.00018682080130057172
785,Japan,4305.5183,2006-06-01,0.7,0.00016258205196805227
786,Japan,4380.1694,2006-09-01,0.7,0.00015981117077344087
787,Japan,4450.1883,2007-01-01,0.6,0.0001348257555753315
788,Japan,4480.3717,2007-03-01,0.6,0.00013391746046427353
789,Japan,4479.8762,2007-06-01,0.8,0.00017857636333789762
790,Japan,4519.8635,2007-09-03,0.5,0.00011062280973750644
791,Japan,4553.5068,2008-01-01,0.4,8.784438402507711e-05
792,Japan,4551.1382,2008-03-03,0.7,0.00015380767826386814
793,Japan,4532.053,2008-06-02,1.0,0.0002206505528509927
794,Japan,4433.147,2008-09-01,0.4,9.022935625640206e-05
795,Japan,4220.6791,2009-01-01,0.7,0.0001658500879633327
796,Japan,4296.8834,2009-03-02,0.7,0.00016290877243725068
797,Japan,4301.1295,2009-06-01,1.0,0.00023249706850258752
798,Japan,4369.4871,2009-09-01,0.8,0.0001830878502879663
799,Japan,4425.7005,2010-01-01,1.3,0.00029373881038719185
800,Japan,4499.6649,2010-03-01,1.5,0.0003333581574041214
801,Japan,4596.3796,2010-06-01,1.6,0.0003481000568360368
802,Japan,4588.0341,2010-09-01,1.2,0.0002615499305029141
803,Japan,4566.3763,2011-01-01,1.8,0.00039418564781881863
804,Japan,4559.2058,2011-03-01,1.8,0.00039480560408130735
805,Japan,4701.3206,2011-06-01,1.7,0.00036160052560550753
806,Japan,4701.3284,2011-09-01,1.9,0.00040414109339819776
807,Japan,4795.9988,2012-01-01,3.5,0.0007297749949395317
808,Japan,4777.537,2012-03-01,3.7,0.0007744576337137734
809,Japan,4796.2769,2012-06-01,4.4,0.0009173782272662366
810,Japan,4834.9995,2012-09-03,5.0,0.001034126270333637
811,Japan,4946.4585,2013-01-01,7.3,0.0014758033449588225
812,Japan,5011.8436,2013-03-01,7.7,0.0015363607914660386
813,Japan,5072.3082,2013-06-03,7.8,0.0015377614475398003
814,Japan,5066.5747,2013-09-02,7.5,0.0014802900271064787
815,Japan,5080.9506,2014-01-01,9.3,0.0018303661523495231
816,Japan,4989.7278,2014-03-03,8.9,0.0017836644315547636
817,Japan,5009.5577,2014-06-02,9.8,0.0019562605297469677
818,Japan,5055.564,2014-09-01,9.4,0.0018593375536339763
819,Japan,5167.6243,2015-01-01,8.9,0.0017222614267836769
820,Japan,5216.4215,2015-03-02,8.4,0.0016102993210958892
821,Japan,5228.187,2015-06-01,8.6,0.0016449296859504068
822,Japan,5187.9743,2015-09-01,8.5,0.0016384044153803924
823,Japan,5169.5015,2016-01-01,6.4,0.001238030398095445
824,Japan,5155.1523,2016-03-01,6.0,0.001163884139756647
825,Japan,5146.7222,2016-06-01,5.1,0.0009909219502851735
826,Japan,5158.4376,2016-09-01,5.5,0.001066214312643813
827,Japan,5213.5693,2017-01-01,6.4,0.0012275659211051439
828,Japan,5232.846,2017-03-01,4.9,0.0009363929303480364
829,Japan,5288.2683,2017-06-01,5.1,0.0009643988751478437
830,Japan,5313.7564,2017-09-01,5.0,0.0009409539360893548
831,Japan,5334.2608,2018-01-01,4.8,0.0008998435172123567
832,Japan,5372.8878,2018-03-01,4.9,0.0009119862878953102
833,Japan,5339.0165,2018-06-01,5.5,0.0010301522761729618
834,Japan,5327.8599,2018-09-03,4.3,0.0008070782792167639
835,Japan,5331.2118,2019-01-01,4.8,0.0009003581512180776
836,Japan,5365.3693,2019-03-01,4.7,0.0008759881635733816
837,Japan,5403.2209,2019-06-03,4.1,0.000758806659191002
838,Japan,5306.5313,2019-09-02,3.9,0.0007349433706345989
839,Japan,5401.9833,2020-01-01,6.4,0.001184750052818564
840,Japan,4970.0334,2020-03-02,4.4,0.0008853059216865625
841,Mexico,1230.2619,2004-01-01,0.0,0.0
842,Mexico,1259.5334,2004-03-01,0.0,0.0
843,Mexico,1264.9458,2004-06-01,0.1,7.905477056803541e-05
844,Mexico,1291.3452,2004-09-01,0.1,7.743862756449631e-05
845,Mexico,1302.7851,2005-01-01,0.0,0.0
846,Mexico,1318.889,2005-03-01,0.0,0.0
847,Mexico,1349.7498,2005-06-01,0.1,7.408780501393665e-05
848,Mexico,1394.2746,2005-09-01,0.0,0.0
849,Mexico,1444.8628,2006-01-01,0.0,0.0
850,Mexico,1483.0245,2006-03-01,0.0,0.0
851,Mexico,1502.1685,2006-06-01,0.0,0.0
852,Mexico,1510.2522,2006-09-01,0.1,6.621410649161777e-05
853,Mexico,1528.5855,2007-01-01,0.0,0.0
854,Mexico,1548.8407,2007-03-01,0.0,0.0
855,Mexico,1569.8922,2007-06-01,0.0,0.0
856,Mexico,1592.1453,2007-09-03,0.1,6.280833790735055e-05
857,Mexico,1607.9353,2008-01-01,0.0,0.0
858,Mexico,1643.8578,2008-03-03,0.6,0.0003649950743914711
859,Mexico,1678.7178,2008-06-02,0.0,0.0
860,Mexico,1674.545,2008-09-01,0.2,0.00011943542872840085
861,Mexico,1609.1226,2009-01-01,0.1,6.214566870168874e-05
862,Mexico,1594.8452,2009-03-02,0.1,6.270201020136625e-05
863,Mexico,1654.8257,2009-06-01,0.1,6.0429324973621086e-05
864,Mexico,1684.8172,2009-09-01,0.1,5.935362008412545e-05
865,Mexico,1696.1278,2010-01-01,0.1,5.89578214566143e-05
866,Mexico,1721.6486,2010-03-01,0.3,0.00017425158653165343
867,Mexico,1751.6547,2010-06-01,0.3,0.00017126663148850054
868,Mexico,1793.6145,2010-09-01,1.7,0.0009478067890285231
869,Mexico,1845.2554,2011-01-01,0.0,0.0
870,Mexico,1887.5865,2011-03-01,0.1,5.29777045979085e-05
871,Mexico,1948.6921,2011-06-01,0.2,0.00010263294031930443
872,Mexico,1963.2389,2011-09-01,0.1,5.093623603322041e-05
873,Mexico,1982.8391,2012-01-01,1.0,0.0005043273556588631
874,Mexico,2002.3102,2012-03-01,0.2,9.988462327165891e-05
875,Mexico,2017.4094,2012-06-01,0.2,9.913704179231048e-05
876,Mexico,2039.8095,2012-09-03,0.2,9.804837167392347e-05
877,Mexico,2047.2596,2013-01-01,0.5,0.00024422891947850677
878,Mexico,2040.9172,2013-03-01,0.8,0.0003919806251816585
879,Mexico,2070.2489,2013-06-03,0.2,9.660674134399975e-05
880,Mexico,2101.3447,2013-09-02,0.4,0.0001903543002725826
881,Mexico,2134.5946,2014-01-01,0.1,4.684730299608179e-05
882,Mexico,2176.7654,2014-03-03,1.1,0.0005053369554661242
883,Mexico,2185.1275,2014-06-02,0.7,0.0003203474396802932
884,Mexico,2197.9539,2014-09-01,0.4,0.00018198743840805762
885,Mexico,2186.2935,2015-01-01,0.2,9.147902603195774e-05
886,Mexico,2215.6943,2015-03-02,0.5,0.00022566289943517929
887,Mexico,2253.8634,2015-06-01,0.3,0.00013310478354633203
888,Mexico,2268.4627,2015-09-01,0.6,0.0002644963040388541
889,Mexico,2314.2504,2016-01-01,0.1,4.321053590397997e-05
890,Mexico,2363.8502,2016-03-01,0.5,0.00021151932554778642
891,Mexico,2401.4592,2016-06-01,0.1,4.164134872664088e-05
892,Mexico,2440.7349,2016-09-01,0.1,4.0971266482074726e-05
893,Mexico,2451.3811,2017-01-01,1.4,0.0005711066304623136
894,Mexico,2455.5905,2017-03-01,1.2,0.000488680828501332
895,Mexico,2447.69,2017-06-01,2.6,0.0010622260171835485
896,Mexico,2491.9322,2017-09-01,1.0,0.0004012950272082041
897,Mexico,2527.2208,2018-01-01,1.1,0.00043526074176027677
898,Mexico,2537.9262,2018-03-01,0.8,0.00031521799176035934
899,Mexico,2541.8434,2018-06-01,0.7,0.00027539068693216895
900,Mexico,2538.4897,2018-09-03,1.2,0.0004727220283777397
901,Mexico,2534.504,2019-01-01,1.2,0.0004734654196639658
902,Mexico,2527.0137,2019-03-01,1.0,0.00039572401210171516
903,Mexico,2534.0901,2019-06-03,0.5,0.00019730948003782503
904,Mexico,2527.3779,2019-09-02,1.5,0.0005935004812695402
905,Mexico,2512.4105,2020-01-01,0.6,0.00023881447717242067
906,Mexico,2053.5639,2020-03-02,0.1,4.86958306970628e-05
907,Netherlands,571.4938,2004-01-01,0.1,0.0001749800260300287
908,Netherlands,581.0327,2004-03-01,0.5,0.0008605367649703709
909,Netherlands,586.5309,2004-06-01,0.0,0.0
910,Netherlands,591.8903,2004-09-01,0.2,0.0003379004521614901
911,Netherlands,596.6109,2005-01-01,0.3,0.0005028402933972544
912,Netherlands,605.1079,2005-03-01,0.3,0.0004957793477824369
913,Netherlands,620.4591,2005-06-01,0.1,0.00016117097807091555
914,Netherlands,633.199,2005-09-01,0.0,0.0
915,Netherlands,647.619,2006-01-01,0.2,0.0003088235521193788
916,Netherlands,667.4393,2006-03-01,0.3,0.0004494790762246095
917,Netherlands,678.9338,2006-06-01,0.1,0.00014728976521716846
918,Netherlands,688.2475,2006-09-01,0.5,0.0007264828422914722
919,Netherlands,702.1224,2007-01-01,0.3,0.00042727592795786036
920,Netherlands,711.1478,2007-03-01,0.3,0.00042185323500965624
921,Netherlands,725.1139,2007-06-01,0.5,0.0006895468422271315
922,Netherlands,741.9496,2007-09-03,0.1,0.0001347800443588082
923,Netherlands,752.5477,2008-01-01,0.3,0.0003986458267030781
924,Netherlands,763.837,2008-03-03,0.2,0.00026183596762136425
925,Netherlands,770.4757,2008-06-02,0.3,0.00038936983995731467
926,Netherlands,767.084,2008-09-01,0.1,0.00013036381934703373
927,Netherlands,737.1218,2009-01-01,0.3,0.00040698837017165955
928,Netherlands,733.833,2009-03-02,1.9,0.002589144941696544
929,Netherlands,735.376,2009-06-01,0.0,0.0
930,Netherlands,739.93,2009-09-01,0.0,0.0
931,Netherlands,738.1597,2010-01-01,0.1,0.00013547203945162543
932,Netherlands,743.5781,2010-03-01,0.1,0.00013448486446817088
933,Netherlands,748.5694,2010-06-01,0.0,0.0
934,Netherlands,761.7792,2010-09-01,0.1,0.00013127163356521158
935,Netherlands,771.4739,2011-01-01,0.7,0.0009073540919530784
936,Netherlands,776.9387,2011-03-01,0.1,0.00012871028306351583
937,Netherlands,782.5413,2011-06-01,0.3,0.00038336634756529783
938,Netherlands,779.2487,2011-09-01,0.4,0.0005133149404034939
939,Netherlands,782.516,2012-01-01,0.2,0.0002555858282769937
940,Netherlands,788.7305,2012-03-01,0.4,0.000507144075194252
941,Netherlands,794.6398,2012-06-01,0.3,0.0003775295423159021
942,Netherlands,800.8403,2012-09-03,0.9,0.0011238195680212397
943,Netherlands,817.4387,2013-01-01,0.3,0.0003669999964523333
944,Netherlands,823.4578,2013-03-01,0.3,0.0003643173942854145
945,Netherlands,832.2309,2013-06-03,0.9,0.0010814306462305114
946,Netherlands,836.7067,2013-09-02,0.3,0.00035854858100216005
947,Netherlands,827.5961,2014-01-01,0.9,0.0010874869999991542
948,Netherlands,828.7603,2014-03-03,4.2,0.005067810318616855
949,Netherlands,829.0591,2014-06-02,0.8,0.0009649493021667575
950,Netherlands,835.5741,2014-09-01,0.2,0.00023935638981629516
951,Netherlands,841.0344,2015-01-01,0.3,0.0003567036021356558
952,Netherlands,849.6476,2015-03-02,0.4,0.000470783416559995
953,Netherlands,857.1951,2015-06-01,0.2,0.00023331911253342443
954,Netherlands,859.9872,2015-09-01,0.3,0.00034884240137527626
955,Netherlands,870.6289,2016-01-01,0.2,0.00022971899967942714
956,Netherlands,882.0096,2016-03-01,2.0,0.0022675490153395155
957,Netherlands,897.2184,2016-06-01,0.3,0.00033436674950045606
958,Netherlands,912.109,2016-09-01,1.1,0.0012059962131718907
959,Netherlands,923.9072,2017-01-01,0.4,0.0004329439147135124
960,Netherlands,937.0408,2017-03-01,4.1,0.00437547650006275
961,Netherlands,950.648,2017-06-01,0.3,0.0003155742188486169
962,Netherlands,966.5388,2017-09-01,0.5,0.0005173098069110106
963,Netherlands,978.6294,2018-01-01,0.4,0.00040873491027349065
964,Netherlands,995.2574,2018-03-01,2.5,0.002511912998587099
965,Netherlands,1002.0577,2018-06-01,0.9,0.000898151872891152
966,Netherlands,1011.5189,2018-09-03,0.7,0.000692028591853301
967,Netherlands,1022.6451,2019-01-01,0.9,0.0008800707107480397
968,Netherlands,1036.2118,2019-03-01,1.2,0.0011580644034356682
969,Netherlands,1050.2438,2019-06-03,1.1,0.001047375856920079
970,Netherlands,1067.9933,2019-09-02,1.8,0.0016854038316532509
971,Netherlands,1069.6965,2020-01-01,1.3,0.0012152979840543555
972,Netherlands,987.0348,2020-03-02,5.6,0.005673558824876286
973,New Zealand,101.5702,2004-03-01,0.0,0.0
974,New Zealand,102.1197,2004-09-01,0.1,0.0009792429864169205
975,New Zealand,101.6532,2005-01-01,0.1,0.0009837368621942054
976,New Zealand,105.6544,2005-06-01,0.0,0.0
977,New Zealand,110.6204,2006-01-01,0.2,0.001807984784000058
978,New Zealand,117.2151,2006-09-01,0.2,0.0017062648071792799
979,New Zealand,118.374,2007-01-01,0.1,0.0008447801037389968
980,New Zealand,122.912,2007-06-01,0.3,0.0024407706326477476
981,New Zealand,124.8047,2007-09-03,0.0,0.0
982,New Zealand,125.9682,2008-03-03,0.3,0.002381553439677633
983,New Zealand,127.646,2008-06-02,0.1,0.0007834166366356957
984,New Zealand,128.3145,2009-01-01,0.0,0.0
985,New Zealand,130.8137,2009-06-01,0.0,0.0
986,New Zealand,132.5246,2009-09-01,0.1,0.0007545768861026557
987,New Zealand,133.9708,2010-01-01,0.0,0.0
988,New Zealand,135.189,2010-03-01,0.1,0.0007397051535258047
989,New Zealand,134.3401,2010-06-01,0.0,0.0
990,New Zealand,138.9592,2011-01-01,0.5,0.0035981784581373523
991,New Zealand,141.6357,2011-03-01,0.4,0.0028241467370161617
992,New Zealand,143.64,2011-09-01,0.0,0.0
993,New Zealand,142.8832,2012-03-01,0.1,0.000699872343284585
994,New Zealand,167.3668,2015-01-01,0.0,0.0
995,New Zealand,183.7132,2016-03-01,0.1,0.0005443267005310452
996,New Zealand,203.0418,2017-09-01,0.1,0.0004925094241678315
997,New Zealand,229.4421,2019-06-03,0.2,0.0008716796089296603
998,New Zealand,232.4765,2019-09-02,0.2,0.0008603020090202667
999,Poland,499.0652,2004-01-01,0.0,0.0
1000,Poland,508.4927,2004-03-01,0.0,0.0
1001,Poland,517.8274,2004-09-01,0.1,0.00019311453970956345
1002,Poland,519.7613,2005-01-01,0.1,0.00019239600947588826
1003,Poland,558.0144,2006-01-01,0.1,0.00017920684484128008
1004,Poland,575.5853,2006-03-01,0.1,0.00017373619513910452
1005,Poland,589.671,2006-06-01,0.0,0.0
1006,Poland,585.7768,2006-09-01,0.2,0.0003414269735503352
1007,Poland,616.4733,2007-01-01,0.1,0.00016221302690643699
1008,Poland,630.9419,2007-03-01,0.1,0.00015849319881909888
1009,Poland,648.1273,2007-06-01,0.1,0.00015429067715555262
1010,Poland,664.7569,2007-09-03,0.1,0.00015043093196926577
1011,Poland,682.3981,2008-01-01,0.2,0.00029308405167013214
1012,Poland,694.7678,2008-03-03,0.7,0.0010075308613899494
1013,Poland,703.7212,2008-06-02,0.3,0.00042630519018042943
1014,Poland,708.5402,2008-09-01,0.3,0.0004234057573585803
1015,Poland,719.2329,2009-01-01,0.0,0.0
1016,Poland,722.3892,2009-03-02,0.3,0.00041528860066014276
1017,Poland,733.7184,2009-06-01,0.1,0.00013629207063636404
1018,Poland,754.5859,2009-09-01,0.1,0.00013252301692888774
1019,Poland,763.5735,2010-01-01,0.6,0.0007857789721618155
1020,Poland,786.4705,2010-03-01,0.8,0.0010172028067168444
1021,Poland,803.9235,2010-06-01,0.1,0.00012438994506318077
1022,Poland,820.5363,2010-09-01,0.3,0.0003656145377114943
1023,Poland,838.0216,2011-01-01,0.8,0.0009546293317499215
1024,Poland,854.6819,2011-03-01,0.6,0.0007020155685992647
1025,Poland,870.5695,2011-06-01,0.1,0.00011486733684099892
1026,Poland,879.8572,2011-09-01,0.6,0.0006819288402708985
1027,Poland,889.3584,2012-01-01,0.4,0.0004497624354815787
1028,Poland,893.0127,2012-03-01,0.5,0.0005599024515552803
1029,Poland,900.0006,2012-06-01,0.5,0.0005555551851854321
1030,Poland,906.314,2012-09-03,0.3,0.0003310111065259943
1031,Poland,911.2154,2013-01-01,0.1,0.00010974353594111776
1032,Poland,921.1855,2013-03-01,0.1,0.00010855576862640587
1033,Poland,930.5044,2013-06-03,0.4,0.00042987437781057244
1034,Poland,937.2735,2013-09-02,0.1,0.00010669244356103102
1035,Poland,946.4334,2014-01-01,0.1,0.00010565983829395709
1036,Poland,957.7183,2014-03-03,0.5,0.0005220741840267644
1037,Poland,967.1757,2014-06-02,0.5,0.0005169691504863077
1038,Poland,976.5916,2014-09-01,0.2,0.00020479389746952566
1039,Poland,994.1134,2015-01-01,0.7,0.0007041450200751745
1040,Poland,1007.4743,2015-03-02,0.8,0.0007940649205642269
1041,Poland,1026.9195,2015-06-01,0.1,9.73786163375026e-05
1042,Poland,1038.6559,2015-09-01,0.1,9.627827656878472e-05
1043,Poland,1040.0881,2016-01-01,0.1,9.614570150355534e-05
1044,Poland,1065.2706,2016-03-01,0.0,0.0
1045,Poland,1075.1558,2016-06-01,0.0,0.0
1046,Poland,1100.6014,2016-09-01,0.0,0.0
1047,Poland,1116.8651,2017-01-01,0.0,0.0
1048,Poland,1127.3096,2017-03-01,0.0,0.0
1049,Poland,1144.3396,2017-06-01,0.1,8.738664641160719e-05
1050,Poland,1161.0051,2017-09-01,0.0,0.0
1051,Poland,1181.1486,2018-01-01,0.1,8.466335226575217e-05
1052,Poland,1204.5526,2018-03-01,0.2,0.00016603675090651917
1053,Poland,1225.4118,2018-06-01,0.1,8.160522038387422e-05
1054,Poland,1250.0115,2018-09-03,0.2,0.00015999852801354227
1055,Poland,1284.6066,2019-01-01,0.3,0.00023353453111637444
1056,Poland,1315.2883,2019-03-01,0.7,0.0005322027117552859
1057,Poland,1340.8275,2019-06-03,0.6,0.0004474848554344238
1058,Poland,1365.0314,2019-09-02,0.6,0.0004395503282928143
1059,Poland,1390.784,2020-01-01,0.5,0.0003595094565367447
1060,Poland,1259.4252,2020-03-02,0.6,0.0004764078088956772
1061,Portugal,222.3482,2004-01-01,0.2,0.000899490079074173
1062,Portugal,224.6084,2004-03-01,0.3,0.0013356579718300828
1063,Portugal,225.9499,2004-06-01,0.5,0.0022128799348882207
1064,Portugal,227.7506,2004-09-01,0.3,0.0013172303388004247
1065,Portugal,232.4232,2005-01-01,0.1,0.0004302496480557879
1066,Portugal,236.8618,2005-03-01,0.9,0.003799684035163121
1067,Portugal,240.2074,2005-06-01,0.1,0.0004163069081135719
1068,Portugal,245.4231,2005-09-01,0.2,0.000814919215020917
1069,Portugal,252.6238,2006-01-01,0.2,0.0007916910441534013
1070,Portugal,259.6063,2006-03-01,0.3,0.0011555959928553352
1071,Portugal,262.06,2006-06-01,0.0,0.0
1072,Portugal,264.4629,2006-09-01,0.1,0.0003781248712012158
1073,Portugal,267.8122,2007-01-01,0.0,0.0
1074,Portugal,269.6778,2007-03-01,0.7,0.0025956901161311757
1075,Portugal,271.4384,2007-06-01,0.8,0.002947261699155315
1076,Portugal,276.3964,2007-09-03,0.2,0.0007235984260287036
1077,Portugal,279.0156,2008-01-01,0.2,0.000716805798672189
1078,Portugal,280.6526,2008-03-03,0.9,0.0032068115527880375
1079,Portugal,284.0176,2008-06-02,0.1,0.00035209085634129713
1080,Portugal,282.5453,2008-09-01,0.5,0.0017696277375698693
1081,Portugal,276.6898,2009-01-01,0.2,0.0007228311271322615
1082,Portugal,277.6332,2009-03-02,0.4,0.0014407498814983223
1083,Portugal,281.2693,2009-06-01,0.1,0.00035553115821740946
1084,Portugal,282.9722,2009-09-01,0.2,0.0007067832105061911
1085,Portugal,286.4361,2010-01-01,1.3,0.004538534074441036
1086,Portugal,289.0459,2010-03-01,0.2,0.0006919316274681634
1087,Portugal,289.0891,2010-06-01,0.1,0.00034591411436820003
1088,Portugal,288.3913,2010-09-01,0.2,0.0006935021964948319
1089,Portugal,285.4156,2011-01-01,0.1,0.0003503662729016915
1090,Portugal,284.1675,2011-03-01,0.1,0.00035190512637792853
1091,Portugal,282.5746,2011-06-01,0.0,0.0
1092,Portugal,278.2926,2011-09-01,0.6,0.002156004148151981
1093,Portugal,278.6643,2012-01-01,0.1,0.00035885472233077574
1094,Portugal,277.2289,2012-03-01,0.2,0.0007214255079466824
1095,Portugal,277.8595,2012-06-01,0.0,0.0
1096,Portugal,278.2067,2012-09-03,0.6,0.002156669842962085
1097,Portugal,284.9371,2013-01-01,0.0,0.0
1098,Portugal,291.0737,2013-03-01,0.2,0.0006871112024205555
1099,Portugal,293.7044,2013-06-03,0.1,0.00034047838575111574
1100,Portugal,298.9647,2013-09-02,0.1,0.00033448765021422264
1101,Portugal,296.9694,2014-01-01,0.0,0.0
1102,Portugal,298.5148,2014-03-03,0.3,0.0010049752977071824
1103,Portugal,299.1057,2014-06-02,0.1,0.00033432997097681524
1104,Portugal,301.2211,2014-09-01,0.4,0.0013279282228237002
1105,Portugal,302.391,2015-01-01,0.0,0.0
1106,Portugal,305.4489,2015-03-02,0.1,0.00032738700319431504
1107,Portugal,308.3947,2015-06-01,0.0,0.0
1108,Portugal,312.7554,2015-09-01,0.0,0.0
1109,Portugal,318.0817,2016-01-01,0.0,0.0
1110,Portugal,323.9959,2016-03-01,0.1,0.00030864588101269186
1111,Portugal,329.6994,2016-06-01,0.0,0.0
1112,Portugal,333.8412,2016-09-01,0.0,0.0
1113,Portugal,336.9924,2017-01-01,0.0,0.0
1114,Portugal,337.8914,2017-03-01,0.2,0.0005919061568302715
1115,Portugal,340.8597,2017-06-01,0.0,0.0
1116,Portugal,345.7081,2017-09-01,0.3,0.000867784121922512
1117,Portugal,350.6973,2018-01-01,0.1,0.0002851461930274342
1118,Portugal,357.3192,2018-03-01,0.1,0.0002798618154300133
1119,Portugal,361.6415,2018-06-01,0.0,0.0
1120,Portugal,367.2873,2018-09-03,0.2,0.0005445328493525368
1121,Portugal,374.1143,2019-01-01,0.1,0.0002672979888766615
1122,Portugal,380.8747,2019-03-01,0.0,0.0
1123,Portugal,386.2865,2019-06-03,0.0,0.0
1124,Portugal,393.6595,2019-09-02,0.1,0.0002540266397737131
1125,Portugal,380.6237,2020-01-01,0.0,0.0
1126,Portugal,321.4499,2020-03-02,0.0,0.0
1127,Spain,1094.1335,2004-01-01,0.7,0.0006397756763685602
1128,Spain,1114.9627,2004-03-01,2.9,0.002600983871478391
1129,Spain,1132.3669,2004-06-01,0.7,0.0006181741977798891
1130,Spain,1146.8337,2004-09-01,0.4,0.00034878640207381426
1131,Spain,1162.9782,2005-01-01,1.2,0.0010318336147659517
1132,Spain,1184.7178,2005-03-01,1.7,0.0014349408779035819
1133,Spain,1216.9161,2005-06-01,0.9,0.0007395744045131789
1134,Spain,1256.8049,2005-09-01,1.0,0.0007956684446408507
1135,Spain,1306.5138,2006-01-01,0.7,0.0005357769661522136
1136,Spain,1351.3164,2006-03-01,2.5,0.0018500478496375832
1137,Spain,1386.9392,2006-06-01,1.9,0.0013699230651206627
1138,Spain,1411.319,2006-09-01,4.4,0.0031176509350472857
1139,Spain,1436.0714,2007-01-01,1.8,0.0012534195723137443
1140,Spain,1458.9841,2007-03-01,3.9,0.002673092873321923
1141,Spain,1480.1666,2007-06-01,4.1,0.002769958462783851
1142,Spain,1499.5249,2007-09-03,6.2,0.004134642912565174
1143,Spain,1514.1105,2008-01-01,5.1,0.0033683142676838975
1144,Spain,1529.3766,2008-03-03,4.9,0.003203919819356462
1145,Spain,1544.1424,2008-06-02,7.9,0.0051161084625355804
1146,Spain,1526.9974,2008-09-01,4.8,0.003143423819844094
1147,Spain,1490.5151,2009-01-01,2.7,0.001811454308648064
1148,Spain,1488.115,2009-03-02,3.9,0.002620765196238194
1149,Spain,1488.7378,2009-06-01,1.8,0.0012090779182203878
1150,Spain,1484.525,2009-09-01,0.7,0.0004715312978898974
1151,Spain,1474.9402,2010-01-01,1.7,0.0011525891015784911
1152,Spain,1475.2256,2010-03-01,2.5,0.0016946560580293618
1153,Spain,1472.8616,2010-06-01,2.0,0.0013579008373902884
1154,Spain,1479.6102,2010-09-01,1.5,0.001013780521383267
1155,Spain,1485.9885,2011-01-01,1.2,0.0008075432616066679
1156,Spain,1492.2683,2011-03-01,5.7,0.0038196884568277704
1157,Spain,1493.2776,2011-06-01,2.0,0.0013393357002073828
1158,Spain,1486.8517,2011-09-01,0.9,0.00060530582841584
1159,Spain,1483.7162,2012-01-01,0.8,0.0005391866719524933
1160,Spain,1478.9356,2012-03-01,1.0,0.0006761619640503617
1161,Spain,1484.1007,2012-06-01,0.3,0.00020214261741133873
1162,Spain,1487.986,2012-09-03,0.6,0.0004032296002784972
1163,Spain,1497.3774,2013-01-01,0.4,0.00026713372326842916
1164,Spain,1506.5803,2013-03-01,0.1,6.63754862585154e-05
1165,Spain,1516.9042,2013-06-03,0.1,6.592374126197292e-05
1166,Spain,1529.8643,2013-09-02,0.1,6.536527455408954e-05
1167,Spain,1539.9156,2014-01-01,0.0,0.0
1168,Spain,1552.9936,2014-03-03,0.0,0.0
1169,Spain,1566.721,2014-06-02,0.0,0.0
1170,Spain,1576.4744,2014-09-01,0.0,0.0
1171,Spain,1585.6844,2015-01-01,0.0,0.0
1172,Spain,1609.7951,2015-03-02,0.0,0.0
1173,Spain,1633.3128,2015-06-01,0.1,6.122525948489475e-05
1174,Spain,1659.272,2015-09-01,0.0,0.0
1175,Spain,1685.7532,2016-01-01,0.1,5.932066449584672e-05
1176,Spain,1719.7095,2016-03-01,0.0,0.0
1177,Spain,1751.5868,2016-06-01,0.0,0.0
1178,Spain,1780.9443,2016-09-01,0.1,5.614998739713533e-05
1179,Spain,1811.6448,2017-01-01,0.1,5.5198458329138255e-05
1180,Spain,1837.604,2017-03-01,0.2,0.00010883737736748505
1181,Spain,1854.8647,2017-06-01,0.2,0.00010782457609980933
1182,Spain,1866.9479,2017-09-01,0.3,0.00016069007603265203
1183,Spain,1870.7688,2018-01-01,0.2,0.00010690791935379722
1184,Spain,1891.822,2018-03-01,1.0,0.0005285909562316117
1185,Spain,1911.941,2018-06-01,1.6,0.0008368459068559124
1186,Spain,1947.6556,2018-09-03,3.9,0.0020024074071411805
1187,Spain,1992.7656,2019-01-01,1.5,0.0007527227487266942
1188,Spain,2028.7914,2019-03-01,2.6,0.001281551173767791
1189,Spain,2049.1911,2019-06-03,2.6,0.0012687933302072219
1190,Spain,2057.5604,2019-09-02,2.4,0.0011664299137949972
1191,Spain,1941.5499,2020-01-01,1.8,0.0009270943795984848
1192,Spain,1577.5558,2020-03-02,1.9,0.0012043947985865221
1193,Sweden,300.0984,2004-01-01,0.0,0.0
1194,Sweden,303.625,2004-03-01,0.1,0.00032935364347468093
1195,Sweden,306.0869,2004-06-01,0.0,0.0
1196,Sweden,306.3426,2004-09-01,0.3,0.000979295729683041
1197,Sweden,303.9069,2005-01-01,0.5,0.0016452406970687405
1198,Sweden,304.5801,2005-03-01,0.0,0.0
1199,Sweden,310.0683,2005-06-01,0.0,0.0
1200,Sweden,316.2396,2005-09-01,0.0,0.0
1201,Sweden,327.4804,2006-01-01,0.0,0.0
1202,Sweden,339.4357,2006-03-01,0.1,0.00029460660737806895
1203,Sweden,348.7039,2006-06-01,0.0,0.0
1204,Sweden,355.2151,2006-09-01,0.2,0.0005630391275596111
1205,Sweden,364.12,2007-01-01,0.0,0.0
1206,Sweden,370.6236,2007-03-01,0.3,0.0008094465651944452
1207,Sweden,377.2808,2007-06-01,0.0,0.0
1208,Sweden,386.3543,2007-09-03,0.5,0.001294148919786838
1209,Sweden,387.6642,2008-01-01,0.5,0.0012897760484460521
1210,Sweden,391.0308,2008-03-03,0.2,0.0005114686618036227
1211,Sweden,393.5556,2008-06-02,0.1,0.0002540937036596608
1212,Sweden,381.7288,2008-09-01,0.3,0.0007858982607547557
1213,Sweden,375.5618,2009-01-01,0.2,0.0005325355241134748
1214,Sweden,374.5628,2009-03-02,0.5,0.0013348896366643993
1215,Sweden,373.6357,2009-06-01,0.2,0.0005352807560947737
1216,Sweden,374.9448,2009-09-01,0.1,0.00026670592577894136
1217,Sweden,383.7929,2010-01-01,0.2,0.0005211143822618918
1218,Sweden,391.7743,2010-03-01,0.3,0.000765747013012339
1219,Sweden,398.0466,2010-06-01,1.1,0.00276349553042282
1220,Sweden,407.5809,2010-09-01,0.4,0.0009814002569796573
1221,Sweden,412.8161,2011-01-01,0.5,0.001211193071200469
1222,Sweden,418.6327,2011-03-01,0.7,0.0016721101815505572
1223,Sweden,428.244,2011-06-01,0.5,0.001167558681499332
1224,Sweden,424.4743,2011-09-01,0.8,0.0018846841846491059
1225,Sweden,429.0175,2012-01-01,0.7,0.001631635073161351
1226,Sweden,433.0503,2012-03-01,0.4,0.0009236802283706997
1227,Sweden,435.1422,2012-06-01,1.3,0.0029875291341543066
1228,Sweden,434.8422,2012-09-03,0.3,0.0006899054415601798
1229,Sweden,442.4104,2013-01-01,0.1,0.00022603446935243838
1230,Sweden,442.7138,2013-03-01,0.6,0.0013552773823630527
1231,Sweden,445.6488,2013-06-03,0.4,0.0008975677708545385
1232,Sweden,449.4438,2013-09-02,0.2,0.0004449944575940307
1233,Sweden,452.4609,2014-01-01,0.1,0.0002210135726645109
1234,Sweden,456.6661,2014-03-03,0.7,0.0015328486174033939
1235,Sweden,460.2724,2014-06-02,0.3,0.0006517879412278468
1236,Sweden,463.6131,2014-09-01,0.3,0.0006470912922866071
1237,Sweden,470.305,2015-01-01,0.4,0.0008505119018509266
1238,Sweden,477.4272,2015-03-02,0.1,0.00020945601758760288
1239,Sweden,485.8526,2015-06-01,0.1,0.00020582374160393502
1240,Sweden,490.6938,2015-09-01,0.1,0.0002037930782903717
1241,Sweden,492.0881,2016-01-01,0.4,0.0008128625748112991
1242,Sweden,496.8436,2016-03-01,0.3,0.0006038117427697569
1243,Sweden,500.7163,2016-06-01,0.1,0.00019971388988135598
1244,Sweden,508.0863,2016-09-01,0.1,0.00019681695806401394
1245,Sweden,512.7751,2017-01-01,0.1,0.00019501726975432312
1246,Sweden,520.5099,2017-03-01,0.5,0.0009605965227558592
1247,Sweden,526.2322,2017-06-01,0.0,0.0
1248,Sweden,529.9707,2017-09-01,1.3,0.00245296579603363
1249,Sweden,534.7838,2018-01-01,0.4,0.0007479658134745293
1250,Sweden,544.4636,2018-03-01,0.2,0.0003673340146154858
1251,Sweden,543.8403,2018-06-01,1.7,0.0031259176636964934
1252,Sweden,556.2163,2018-09-03,2.0,0.0035957234622573985
1253,Sweden,567.5114,2019-01-01,1.3,0.002290702882796716
1254,Sweden,577.5901,2019-03-01,0.2,0.00034626632277803934
1255,Sweden,584.4789,2019-06-03,0.5,0.0008554628747077098
1256,Sweden,590.8959,2019-09-02,1.6,0.002707752753065303
1257,Sweden,596.1351,2020-01-01,1.0,0.0016774721032195555
1258,Sweden,546.9476,2020-03-02,0.2,0.0003656657420198937
1259,UK,1892.5749,2004-01-01,0.5,0.00026419033666778526
1260,UK,1926.6854,2004-03-01,0.3,0.00015570782858478088
1261,UK,1934.6955,2004-06-01,0.4,0.00020675088146946124
1262,UK,1941.8254,2004-09-01,0.3,0.00015449380773369223
1263,UK,1939.0374,2005-01-01,0.6,0.000309431886151345
1264,UK,1957.5174,2005-03-01,0.7,0.0003575957996593031
1265,UK,1985.7616,2005-06-01,0.6,0.0003021510739254903
1266,UK,2029.7021,2005-09-01,0.7,0.0003448781966575292
1267,UK,2076.19,2006-01-01,0.2,9.633029732346269e-05
1268,UK,2114.702,2006-03-01,0.4,0.0001891519467045475
1269,UK,2133.4378,2006-06-01,0.7,0.00032810893291569123
1270,UK,2133.0108,2006-09-01,1.2,0.000562585055828128
1271,UK,2143.8981,2007-01-01,1.1,0.0005130840873453828
1272,UK,2164.8683,2007-03-01,0.7,0.00032334530465432927
1273,UK,2188.8801,2007-06-01,0.7,0.00031979823837769827
1274,UK,2221.3415,2007-09-03,0.7,0.00031512489187277145
1275,UK,2269.1866,2008-01-01,0.4,0.00017627461752153835
1276,UK,2292.4343,2008-03-03,0.5,0.00021810875888569631
1277,UK,2286.6253,2008-06-02,1.4,0.0006122559739018019
1278,UK,2242.7952,2008-09-01,2.2,0.000980918810598489
1279,UK,2186.0333,2009-01-01,0.3,0.0001372348719481995
1280,UK,2173.6319,2009-03-02,5.0,0.0023002974882729687
1281,UK,2183.494,2009-06-01,4.0,0.0018319262613041298
1282,UK,2199.5334,2009-09-01,0.4,0.00018185675198203403
1283,UK,2247.6373,2010-01-01,1.0,0.0004449116412154221
1284,UK,2291.9287,2010-03-01,0.3,0.00013089412423693633
1285,UK,2315.6498,2010-06-01,3.9,0.0016841924888642487
1286,UK,2329.3105,2010-09-01,3.8,0.0016313840512031349
1287,UK,2345.8783,2011-01-01,3.0,0.0012788387189565631
1288,UK,2348.817,2011-03-01,3.7,0.001575261078236406
1289,UK,2365.1096,2011-06-01,1.9,0.0008033454348162132
1290,UK,2368.4513,2011-09-01,3.4,0.001435537222150187
1291,UK,2402.9868,2012-01-01,2.3,0.0009571421699028891
1292,UK,2415.6493,2012-03-01,3.4,0.0014074890755044617
1293,UK,2464.6274,2012-06-01,1.0,0.000405740843423229
1294,UK,2484.4986,2012-09-03,3.3,0.0013282358058080612
1295,UK,2517.3501,2013-01-01,3.4,0.001350626597389056
1296,UK,2549.1877,2013-03-01,2.3,0.0009022481945915556
1297,UK,2583.0787,2013-06-03,2.9,0.0011226913063082436
1298,UK,2604.5962,2013-09-02,3.4,0.0013053846888051207
1299,UK,2627.2437,2014-01-01,3.9,0.0014844454665549297
1300,UK,2650.6897,2014-03-03,2.0,0.000754520606467064
1301,UK,2683.9817,2014-06-02,2.8,0.0010432261889117948
1302,UK,2706.4203,2014-09-01,7.0,0.0025864423201377848
1303,UK,2725.8004,2015-01-01,4.2,0.0015408318231958584
1304,UK,2759.0187,2015-03-02,7.4,0.002682113028084949
1305,UK,2788.7064,2015-06-01,2.5,0.0008964730026796654
1306,UK,2822.2145,2015-09-01,9.1,0.0032244182715381836
1307,UK,2844.8031,2016-01-01,14.2,0.004991558115217183
1308,UK,2887.2439,2016-03-01,5.1,0.0017663904320656802
1309,UK,2920.3423,2016-06-01,2.3,0.0007875789081300504
1310,UK,2962.6404,2016-09-01,1.7,0.000573812468094339
1311,UK,3005.6742,2017-01-01,0.6,0.00019962243412809013
1312,UK,3031.4197,2017-03-01,0.8,0.00026390275157214295
1313,UK,3056.7775,2017-06-01,5.5,0.001799280451390394
1314,UK,3088.3724,2017-09-01,0.2,6.475902970768681e-05
1315,UK,3094.3675,2018-01-01,1.2,0.000387801384289358
1316,UK,3123.7672,2018-03-01,0.8,0.0002561010308322592
1317,UK,3149.9579,2018-06-01,2.8,0.0008889007691182158
1318,UK,3180.1388,2018-09-03,3.8,0.0011949163979886662
1319,UK,3222.0584,2019-01-01,1.4,0.00043450484944655254
1320,UK,3264.1189,2019-03-01,0.1,3.0636138898003995e-05
1321,UK,3322.426,2019-06-03,0.5,0.0001504924413666399
1322,UK,3369.7219,2019-09-02,3.6,0.001068337419773424
1323,UK,3339.1963,2020-01-01,0.4,0.00011978930379145425
1324,UK,2686.091,2020-03-02,5.3,0.0019731274927022205
1325,USA,11923.447,2004-01-01,1.2,0.00010064203749133954
1326,USA,12112.815,2004-03-01,1.4,0.00011558006953792326
1327,USA,12305.307,2004-06-01,0.7,5.68860248671569e-05
1328,USA,12527.214,2004-09-01,1.5,0.00011973931314656235
1329,USA,12767.286,2005-01-01,1.5,0.00011748777304745895
1330,USA,12922.656,2005-03-01,3.1,0.000239888765900756
1331,USA,13142.642,2005-06-01,1.6,0.00012174112328403985
1332,USA,13324.204,2005-09-01,3.0,0.00022515416305544407
1333,USA,13599.16,2006-01-01,5.2,0.00038237655855214586
1334,USA,13753.424,2006-03-01,3.4,0.00024721116719734663
1335,USA,13870.188,2006-06-01,5.6,0.0004037436262579858
1336,USA,14039.56,2006-09-01,9.4,0.0006695366521457938
1337,USA,14215.651,2007-01-01,4.8,0.00033765601026643097
1338,USA,14402.082,2007-03-01,5.1,0.00035411546747199466
1339,USA,14564.117,2007-06-01,7.2,0.0004943657071692022
1340,USA,14715.058,2007-09-03,9.1,0.000618414144205208
1341,USA,14706.538,2008-01-01,8.1,0.0005507754442275945
1342,USA,14865.701,2008-03-03,6.9,0.0004641557098450992
1343,USA,14898.999,2008-06-02,5.6,0.00037586417718398396
1344,USA,14608.208,2008-09-01,5.9,0.0004038825296025358
1345,USA,14430.901,2009-01-01,2.5,0.00017323935629521677
1346,USA,14381.236,2009-03-02,4.0,0.000278140209923542
1347,USA,14448.882,2009-06-01,3.7,0.0002560751759201854
1348,USA,14651.248,2009-09-01,4.9,0.000334442499369337
1349,USA,14764.611,2010-01-01,4.5,0.00030478283511837866
1350,USA,14980.193,2010-03-01,6.4,0.0004272308107111838
1351,USA,15141.605,2010-06-01,5.6,0.0003698419024931637
1352,USA,15309.471,2010-09-01,10.7,0.0006989137639047097
1353,USA,15351.444,2011-01-01,3.8,0.0002475337173493256
1354,USA,15557.535,2011-03-01,15.5,0.000996301792025536
1355,USA,15647.681,2011-06-01,17.9,0.0011439394757600183
1356,USA,15842.267,2011-09-01,8.1,0.0005112904611442289
1357,USA,16068.824,2012-01-01,7.6,0.0004729655387351308
1358,USA,16207.13,2012-03-01,14.3,0.0008823277162582149
1359,USA,16319.54,2012-06-01,6.5,0.0003982955401929221
1360,USA,16420.386,2012-09-03,6.6,0.00040193939411655734
1361,USA,16629.05,2013-01-01,3.4,0.00020446146953674444
1362,USA,16699.551,2013-03-01,7.1,0.00042516113157772925
1363,USA,16911.068,2013-06-03,6.8,0.0004021035217882159
1364,USA,17133.114,2013-09-02,11.8,0.0006887247700563949
1365,USA,17144.281,2014-01-01,6.2,0.00036163662973092895
1366,USA,17462.703,2014-03-03,7.2,0.00041230730431594695
1367,USA,17743.227,2014-06-02,8.1,0.0004565122229456908
1368,USA,17852.54,2014-09-01,10.2,0.0005713472704724369
1369,USA,17991.348,2015-01-01,7.5,0.0004168670407575908
1370,USA,18193.707,2015-03-02,9.2,0.0005056693503968158
1371,USA,18306.96,2015-06-01,11.4,0.0006227139841896198
1372,USA,18332.079,2015-09-01,9.3,0.0005073074363251435
1373,USA,18425.306,2016-01-01,10.7,0.000580723055562822
1374,USA,18611.617,2016-03-01,11.6,0.000623266640399918
1375,USA,18775.459,2016-06-01,9.5,0.000505979640764042
1376,USA,18968.041,2016-09-01,9.2,0.00048502636619142685
1377,USA,19148.194,2017-01-01,8.9,0.0004647957922298051
1378,USA,19304.506,2017-03-01,13.2,0.0006837781811148133
1379,USA,19561.896,2017-06-01,16.1,0.0008230286062250817
1380,USA,19894.75,2017-09-01,7.7,0.00038703678106033
1381,USA,20155.486,2018-01-01,13.2,0.0006549085445024743
1382,USA,20470.197,2018-03-01,10.8,0.0005275962903532389
1383,USA,20687.278,2018-06-01,12.2,0.0005897344251863392
1384,USA,20819.269,2018-09-03,6.7,0.0003218172549670212
1385,USA,21013.085,2019-01-01,10.1,0.0004806528884264257
1386,USA,21272.448,2019-03-01,15.4,0.0007239411279792528
1387,USA,21531.839,2019-06-03,18.8,0.0008731256071532024
1388,USA,21706.532,2019-09-02,17.0,0.0007831743919295814
1389,USA,21538.032,2020-01-01,10.4,0.0004828667726002079
1390,USA,19636.731,2020-03-02,7.4,0.00037684480171368647
1391,Brazil,1846.2796,2004-01-01,0.1,5.416297726519862e-05
1392,Brazil,1914.1374,2004-03-01,0.2,0.00010448570724337762
1393,Brazil,1949.3661,2004-06-01,0.1,5.129872731448444e-05
1394,Brazil,1978.0617,2004-09-01,0.2,0.00010110908067225609
1395,Brazil,2008.0315,2005-01-01,0.1,4.980001558740488e-05
1396,Brazil,2042.493,2005-03-01,0.6,0.0002937586567004146
1397,Brazil,2045.9099,2005-06-01,0.5,0.00024439003887707857
1398,Brazil,2087.169,2005-09-01,0.8,0.00038329430918147985
1399,Brazil,2140.0872,2006-01-01,0.9,0.0004205436114939616
1400,Brazil,2166.7614,2006-03-01,1.1,0.000507670110793002
1401,Brazil,2215.0215,2006-06-01,0.9,0.0004063165978298631
1402,Brazil,2247.2071,2006-09-01,1.2,0.0005339961768543718
1403,Brazil,2313.4322,2007-01-01,2.0,0.0008645163666348207
1404,Brazil,2369.494,2007-03-01,1.4,0.0005908434459002638
1405,Brazil,2409.7704,2007-06-01,2.0,0.0008299545882047519
1406,Brazil,2462.894,2007-09-03,2.3,0.0009338607345667333
1407,Brazil,2501.9242,2008-01-01,1.7,0.0006794770201271486
1408,Brazil,2568.544,2008-03-03,2.6,0.0010122466268827788
1409,Brazil,2629.4897,2008-06-02,2.6,0.0009887850102626376
1410,Brazil,2534.2839,2008-09-01,4.3,0.0016967317671078602
1411,Brazil,2493.662,2009-01-01,0.8,0.0003208133259439331
1412,Brazil,2532.2748,2009-03-02,1.7,0.0006713331428326814
1413,Brazil,2591.8916,2009-06-01,2.0,0.0007716372089017921
1414,Brazil,2664.8068,2009-09-01,2.0,0.0007505234525820034
1415,Brazil,2729.4664,2010-01-01,2.5,0.000915929941471344
1416,Brazil,2778.2988,2010-03-01,2.3,0.0008278447228210298
1417,Brazil,2811.1426,2010-06-01,0.7,0.0002490090684122534
1418,Brazil,2872.1812,2010-09-01,0.9,0.00031335070363945004
1419,Brazil,2934.8009,2011-01-01,2.0,0.0006814772341115201
1420,Brazil,2977.9265,2011-03-01,2.8,0.0009402515475113303
1421,Brazil,2979.6322,2011-06-01,1.2,0.00040273427035726085
1422,Brazil,2988.6829,2011-09-01,3.7,0.0012380035366080491
1423,Brazil,2933.3896,2012-01-01,1.1,0.0003749928069561575
1424,Brazil,2979.967,2012-03-01,1.8,0.0006040335345995442
1425,Brazil,3033.8623,2012-06-01,2.5,0.0008240321256505281
1426,Brazil,3045.1939,2012-09-03,2.1,0.0006896112592370555
1427,Brazil,3072.3542,2013-01-01,0.5,0.00016274165263887867
1428,Brazil,3124.7281,2013-03-01,1.2,0.0003840334139792835
1429,Brazil,3155.8963,2013-06-03,1.0,0.00031686719237257574
1430,Brazil,3180.1133,2013-09-02,0.8,0.000251563364110329
1431,Brazil,3220.9322,2014-01-01,1.3,0.0004036098617661061
1432,Brazil,3182.2116,2014-03-03,1.4,0.0004399456026117182
1433,Brazil,3176.0055,2014-06-02,0.4,0.00012594436628022212
1434,Brazil,3170.8788,2014-09-01,2.2,0.0006938139672825086
1435,Brazil,3107.0221,2015-01-01,1.2,0.00038622190682196947
1436,Brazil,3027.6177,2015-03-02,1.6,0.0005284683069464154
1437,Brazil,2977.2784,2015-06-01,2.5,0.0008396930565848326
1438,Brazil,2953.1933,2015-09-01,1.4,0.00047406310992240163
1439,Brazil,2915.9087,2016-01-01,1.5,0.0005144193986594985
1440,Brazil,2951.1163,2016-03-01,1.5,0.0005082822388260334
1441,Brazil,2943.7241,2016-06-01,1.1,0.00037367632381037346
1442,Brazil,2945.2525,2016-09-01,1.1,0.000373482409402929
1443,Brazil,2980.5635,2017-01-01,1.5,0.0005032605411694802
1444,Brazil,3005.9685,2017-03-01,1.6,0.0005322743734673201
1445,Brazil,3027.0547,2017-06-01,1.7,0.0005616020087116364
1446,Brazil,3060.6393,2017-09-01,1.2,0.0003920749498315597
1447,Brazil,3104.7021,2018-01-01,0.5,0.00016104604689770396
1448,Brazil,3132.1375,2018-03-01,0.9,0.00028734370697327307
1449,Brazil,3174.2982,2018-06-01,0.4,0.00012601210560494916
1450,Brazil,3172.1692,2018-09-03,2.1,0.000662007562522201
1451,Brazil,3188.0706,2019-01-01,1.5,0.0004705040095410685
1452,Brazil,3227.7995,2019-03-01,1.9,0.0005886363139965788
1453,Brazil,3252.0166,2019-06-03,1.6,0.0004920024085977913
1454,Brazil,3295.9745,2019-09-02,2.1,0.0006371408516661765
1455,Brazil,3256.4183,2020-01-01,1.7,0.0005220459545998744
1456,Brazil,2973.3645,2020-03-02,0.7,0.00023542354124427055
1457,Chile,185.1634,2004-03-01,0.0,0.0
1458,Chile,198.4081,2005-03-01,0.0,0.0
1459,Chile,255.4468,2006-03-01,0.2,0.0007829418884871528
1460,Chile,264.8707,2006-06-01,0.0,0.0
1461,Chile,268.6838,2006-09-01,0.0,0.0
1462,Chile,280.6836,2007-03-01,0.0,0.0
1463,Chile,278.6949,2007-06-01,0.0,0.0
1464,Chile,279.5751,2007-09-03,0.0,0.0
1465,Chile,284.2634,2008-01-01,0.0,0.0
1466,Chile,279.5632,2008-03-03,0.0,0.0
1467,Chile,270.7042,2008-06-02,0.1,0.0003694069024418535
1468,Chile,266.8066,2008-09-01,0.3,0.0011244099658704095
1469,Chile,265.8039,2009-01-01,0.2,0.0007524344074710718
1470,Chile,271.276,2009-06-01,0.1,0.0003686282605169643
1471,Chile,281.053,2009-09-01,0.1,0.0003558047770349365
1472,Chile,285.9032,2010-01-01,0.0,0.0
1473,Chile,299.6726,2010-03-01,0.2,0.0006673950170953234
1474,Chile,316.8263,2010-06-01,0.0,0.0
1475,Chile,328.347,2010-09-01,0.3,0.000913667552924193
1476,Chile,338.5246,2011-01-01,0.1,0.0002953995071554623
1477,Chile,345.1924,2011-03-01,0.0,0.0
1478,Chile,350.462,2011-06-01,0.2,0.0005706752800588937
1479,Chile,360.6997,2011-09-01,0.1,0.0002772389331069585
1480,Chile,367.1806,2012-01-01,0.0,0.0
1481,Chile,372.2617,2012-03-01,0.5,0.0013431411289423541
1482,Chile,376.3891,2012-06-01,0.1,0.00026568250780907316
1483,Chile,383.3087,2012-09-03,0.4,0.0010435453199992592
1484,Chile,386.5155,2013-01-01,0.2,0.0005174436730221686
1485,Chile,390.2031,2013-03-01,0.3,0.0007688303860220485
1486,Chile,394.8873,2013-06-03,0.7,0.0017726576671369275
1487,Chile,398.7467,2013-09-02,0.3,0.0007523573235841199
1488,Chile,400.9237,2014-01-01,0.1,0.00024942401758738634
1489,Chile,403.6663,2014-03-03,1.0,0.0024772937448580674
1490,Chile,401.0764,2014-06-02,0.2,0.0004986581110232365
1491,Chile,404.699,2014-09-01,0.2,0.0004941944506905132
1492,Chile,405.0337,2015-01-01,0.8,0.0019751442904627444
1493,Chile,405.0287,2015-03-02,1.0,0.002468960841540365
1494,Chile,403.2397,2015-06-01,1.4,0.0034718803728898714
1495,Chile,407.9179,2015-09-01,0.6,0.0014708842146912407
1496,Chile,418.5006,2016-01-01,0.0,0.0
1497,Chile,418.6427,2016-03-01,0.1,0.00023886717718952225
1498,Chile,426.8708,2016-06-01,0.7,0.0016398404388400425
1499,Chile,432.2642,2016-09-01,0.3,0.0006940199998056744
1500,Chile,435.9927,2017-01-01,0.2,0.00045872327678880863
1501,Chile,444.9337,2017-03-01,0.2,0.0004495051734674178
1502,Chile,458.0002,2017-06-01,0.9,0.0019650646440765745
1503,Chile,465.289,2017-09-01,0.6,0.0012895211363260254
1504,Chile,473.1741,2018-01-01,0.1,0.00021133870175903542
1505,Chile,478.6142,2018-03-01,1.0,0.0020893655056619716
1506,Chile,477.248,2018-06-01,0.1,0.00020953466541504627
1507,Chile,485.1236,2018-09-03,0.0,0.0
1508,Chile,485.7872,2019-01-01,0.6,0.001235108706034247
1509,Chile,489.8142,2019-03-01,0.7,0.0014291133250118105
1510,Chile,494.1918,2019-06-03,0.7,0.0014164540973767674
1511,Chile,481.0559,2019-09-02,2.9,0.006028405430637063
1512,Chile,497.0546,2020-01-01,0.3,0.0006035554242934277
1513,Chile,441.3648,2020-03-02,0.8,0.0018125595878964523
1514,India,2820.9716,2004-01-01,1.1,0.00038993657362590965
1515,India,2900.2975,2004-03-01,0.3,0.00010343766458440901
1516,India,2984.9632,2004-06-01,0.7,0.0002345087537427597
1517,India,3061.6059,2004-09-01,0.6,0.00019597558261825925
1518,India,3131.8277,2005-01-01,0.7,0.00022351165742610937
1519,India,3248.339,2005-03-01,0.3,9.235489276211627e-05
1520,India,3306.7837,2005-06-01,1.0,0.000302408651645404
1521,India,3400.4866,2005-09-01,0.8,0.00023526044772533437
1522,India,3487.517,2006-01-01,1.5,0.00043010543031044723
1523,India,3542.2486,2006-03-01,1.0,0.00028230655522031966
1524,India,3665.0756,2006-06-01,1.0,0.0002728456679038217
1525,India,3716.4471,2006-09-01,1.1,0.00029598161103921
1526,India,3843.0218,2007-01-01,1.2,0.00031225427865124263
1527,India,3961.9832,2007-03-01,1.6,0.00040383815862722486
1528,India,4055.4186,2007-06-01,1.4,0.0003452171373874943
1529,India,4226.7523,2007-09-03,1.2,0.00028390591991870446
1530,India,4284.5952,2008-01-01,1.6,0.00037343084359521295
1531,India,4348.8191,2008-03-03,1.2,0.0002759369779258006
1532,India,4401.2774,2008-06-02,1.4,0.0003180894710249347
1533,India,4377.6537,2008-09-01,1.0,0.00022843287032960145
1534,India,4273.3704,2009-01-01,1.3,0.000304209529789414
1535,India,4472.4051,2009-03-02,0.7,0.00015651533891686154
1536,India,4558.6611,2009-06-01,1.2,0.0002632351854363554
1537,India,4658.1213,2009-09-01,0.8,0.00017174305873056593
1538,India,4802.0754,2010-01-01,2.0,0.00041648658827806
1539,India,4943.1264,2010-03-01,1.0,0.00020230111857952893
1540,India,5096.5306,2010-06-01,2.1,0.00041204500959927525
1541,India,5225.2113,2010-09-01,1.3,0.00024879376648366357
1542,India,5320.9972,2011-01-01,2.8,0.0005262171534313154
1543,India,5418.8098,2011-03-01,2.3,0.00042444744969642593
1544,India,5467.5614,2011-06-01,4.1,0.000749877267039013
1545,India,5605.2288,2011-09-01,2.0,0.00035680969882977837
1546,India,5781.689,2012-01-01,1.4,0.0002421437749418898
1547,India,5898.8505,2012-03-01,2.3,0.0003899064741511927
1548,India,6041.2826,2012-06-01,1.7,0.0002813971986677134
1549,India,6114.781,2012-09-03,1.1,0.00017989196996589087
1550,India,6176.6567,2013-01-01,1.7,0.0002752298019088547
1551,India,6222.9381,2013-03-01,0.7,0.00011248705816308857
1552,India,6295.0311,2013-06-03,1.4,0.00022239763041043592
1553,India,6419.5268,2013-09-02,0.8,0.0001246197772708107
1554,India,6468.2294,2014-01-01,1.2,0.00018552217705822244
1555,India,6604.9128,2014-03-03,0.9,0.00013626220773119065
1556,India,6696.361,2014-06-02,2.1,0.00031360316446499823
1557,India,6746.8022,2014-09-01,1.9,0.0002816148960169604
1558,India,6789.5613,2015-01-01,1.8,0.0002651128578808177
1559,India,6917.0462,2015-03-02,1.2,0.00017348445641435792
1560,India,7020.6304,2015-06-01,1.9,0.0002706309678401529
1561,India,7128.804,2015-09-01,2.6,0.0003647175599160813
1562,India,7308.6231,2016-01-01,3.1,0.0004241565008325577
1563,India,7463.7942,2016-03-01,1.9,0.00025456221716295445
1564,India,7623.4995,2016-06-01,4.4,0.0005771627583893722
1565,India,7729.1896,2016-09-01,3.5,0.0004528288450835777
1566,India,7786.7174,2017-01-01,4.0,0.0005136952832011086
1567,India,7945.0672,2017-03-01,2.1,0.00026431494500134625
1568,India,8106.6824,2017-06-01,4.5,0.000555097606882934
1569,India,8323.8354,2017-09-01,2.9,0.0003483970862758771
1570,India,8580.3685,2018-01-01,3.3,0.00038459886658714015
1571,India,8787.9633,2018-03-01,2.5,0.0002844800228057393
1572,India,8946.4269,2018-06-01,2.0,0.00022355293597715528
1573,India,9117.428,2018-09-03,3.2,0.00035097617442111966
1574,India,9236.7502,2019-01-01,3.1,0.00033561587494268275
1575,India,9389.4049,2019-03-01,2.2,0.00023430664918923673
1576,India,9424.8284,2019-06-03,2.4,0.00025464654613764637
1577,India,9454.9297,2019-09-02,1.6,0.00016922389174400736
1578,India,9434.0617,2020-01-01,1.2,0.00012719865930069124
1579,India,7200.9455,2020-03-02,1.5,0.00020830597870793495
1580,Indonesia,1374.5749,2004-01-01,0.1,7.274976430895108e-05
1581,Indonesia,1400.9461,2004-03-01,0.1,7.138033361883088e-05
1582,Indonesia,1427.1572,2004-06-01,0.0,0.0
1583,Indonesia,1479.9417,2004-09-01,0.0,0.0
1584,Indonesia,1504.4648,2005-01-01,0.0,0.0
1585,Indonesia,1532.4758,2005-03-01,0.0,0.0
1586,Indonesia,1564.932,2005-06-01,0.1,6.390054008736483e-05
1587,Indonesia,1589.5567,2005-09-01,0.2,0.00012582124311765665
1588,Indonesia,1627.8088,2006-01-01,0.2,0.00012286455264279197
1589,Indonesia,1667.4593,2006-03-01,0.0,0.0
1590,Indonesia,1705.4981,2006-06-01,0.2,0.00011726779408314791
1591,Indonesia,1736.2983,2006-09-01,0.1,5.759379019146653e-05
1592,Indonesia,1779.5167,2007-01-01,0.1,5.619503317951442e-05
1593,Indonesia,1824.01,2007-03-01,0.2,0.00010964852166380668
1594,Indonesia,1864.4883,2007-06-01,0.1,5.363401851328325e-05
1595,Indonesia,1889.7163,2007-09-03,0.5,0.0002645899810463613
1596,Indonesia,1936.9031,2008-01-01,0.1,5.1628808896015505e-05
1597,Indonesia,1975.9199,2008-03-03,0.0,0.0
1598,Indonesia,2015.8227,2008-06-02,0.0,0.0
1599,Indonesia,2021.2668,2008-09-01,0.5,0.00024736961988392625
1600,Indonesia,2048.7733,2009-01-01,0.1,4.880969505020395e-05
1601,Indonesia,2054.2517,2009-03-02,0.0,0.0
1602,Indonesia,2057.2923,2009-06-01,0.2,9.721515994591531e-05
1603,Indonesia,2047.7329,2009-09-01,0.3,0.00014650348197267328
1604,Indonesia,2031.7143,2010-01-01,0.3,0.00014765855612671524
1605,Indonesia,2039.6767,2010-03-01,0.0,0.0
1606,Indonesia,2057.3928,2010-06-01,0.0,0.0
1607,Indonesia,2098.1786,2010-09-01,0.3,0.00014298115517906814
1608,Indonesia,2150.4381,2011-01-01,0.5,0.00023251076141182582
1609,Indonesia,2205.6971,2011-03-01,0.0,0.0
1610,Indonesia,2259.6392,2011-06-01,0.6,0.000265529116329722
1611,Indonesia,2300.4327,2011-09-01,0.4,0.00017388033129593405
1612,Indonesia,2352.1623,2012-01-01,0.2,8.502814622953528e-05
1613,Indonesia,2395.2265,2012-03-01,0.0,0.0
1614,Indonesia,2436.0871,2012-06-01,0.1,4.1049435383488545e-05
1615,Indonesia,2470.7517,2012-09-03,0.2,8.09470251502812e-05
1616,Indonesia,2497.1665,2013-01-01,0.0,0.0
1617,Indonesia,2518.6461,2013-03-01,0.0,0.0
1618,Indonesia,2545.8264,2013-06-03,0.0,0.0
1619,Indonesia,2575.7163,2013-09-02,0.0,0.0
1620,Indonesia,2598.9142,2014-01-01,1.6,0.0006156417168369776
1621,Indonesia,2621.7671,2014-03-03,0.2,7.628442663728598e-05
1622,Indonesia,2634.0622,2014-06-02,0.0,0.0
1623,Indonesia,2633.3454,2014-09-01,0.0,0.0
1624,Indonesia,2625.5189,2015-01-01,0.0,0.0
1625,Indonesia,2638.7651,2015-03-02,0.2,7.579302909531432e-05
1626,Indonesia,2654.7559,2015-06-01,0.0,0.0
1627,Indonesia,2670.7242,2015-09-01,0.0,0.0
1628,Indonesia,2689.8505,2016-01-01,0.0,0.0
1629,Indonesia,2731.1979,2016-03-01,0.2,7.322794148311259e-05
1630,Indonesia,2760.5173,2016-06-01,0.1,3.622509447776328e-05
1631,Indonesia,2796.2587,2016-09-01,0.3,0.00010728621067857563
1632,Indonesia,2832.6719,2017-01-01,0.8,0.00028241887103126913
1633,Indonesia,2865.7612,2017-03-01,0.0,0.0
1634,Indonesia,2910.3951,2017-06-01,0.1,3.435959605621931e-05
1635,Indonesia,2966.5591,2017-09-01,0.0,0.0
1636,Indonesia,3026.6288,2018-01-01,0.7,0.00023128042659212124
1637,Indonesia,3093.0589,2018-03-01,0.0,0.0
1638,Indonesia,3146.352,2018-06-01,0.0,0.0
1639,Indonesia,3199.7591,2018-09-03,0.0,0.0
1640,Indonesia,3250.903,2019-01-01,0.0,0.0
1641,Indonesia,3309.9677,2019-03-01,0.0,0.0
1642,Indonesia,3358.7072,2019-06-03,0.0,0.0
1643,Indonesia,3407.3972,2019-09-02,0.0,0.0
1644,Indonesia,3401.9177,2020-01-01,0.0,0.0
1645,Indonesia,3148.6135,2020-03-02,0.5,0.00015880005596113973
