,year,quarter,country,value,quarter-1,date
0,2004-01-01,1,China,0.6,0,2004-01-01
1,2004-01-01,2,China,0.3,1,2004-03-01
2,2004-01-01,3,China,0.6,2,2004-06-01
3,2004-01-01,4,China,0.9,3,2004-09-01
4,2005-01-01,1,China,1.4,0,2005-01-01
5,2005-01-01,2,China,2.4,1,2005-03-01
6,2005-01-01,3,China,1.5,2,2005-06-01
7,2005-01-01,4,China,2.4,3,2005-09-01
8,2006-01-01,1,China,1.9,0,2006-01-01
9,2006-01-01,2,China,2.0,1,2006-03-01
10,2006-01-01,3,China,2.7,2,2006-06-01
11,2006-01-01,4,China,2.4,3,2006-09-01
12,2007-01-01,1,China,2.6,0,2007-01-01
13,2007-01-01,2,China,3.8,1,2007-03-01
14,2007-01-01,3,China,4.4,2,2007-06-01
15,2007-01-01,4,China,2.8,3,2007-09-03
16,2008-01-01,1,China,3.3,0,2008-01-01
17,2008-01-01,2,China,7.4,1,2008-03-03
18,2008-01-01,3,China,6.3,2,2008-06-02
19,2008-01-01,4,China,5.5,3,2008-09-01
20,2009-01-01,1,China,6.8,0,2009-01-01
21,2009-01-01,2,China,7.7,1,2009-03-02
22,2009-01-01,3,China,8.9,2,2009-06-01
23,2009-01-01,4,China,8.5,3,2009-09-01
24,2010-01-01,1,China,8.1,0,2010-01-01
25,2010-01-01,2,China,10.5,1,2010-03-01
26,2010-01-01,3,China,9.4,2,2010-06-01
27,2010-01-01,4,China,7.0,3,2010-09-01
28,2011-01-01,1,China,8.2,0,2011-01-01
29,2011-01-01,2,China,13.3,1,2011-03-01
30,2011-01-01,3,China,9.9,2,2011-06-01
31,2011-01-01,4,China,8.5,3,2011-09-01
32,2012-01-01,1,China,9.6,0,2012-01-01
33,2012-01-01,2,China,17.1,1,2012-03-01
34,2012-01-01,3,China,15.3,2,2012-06-01
35,2012-01-01,4,China,13.0,3,2012-09-03
36,2013-01-01,1,China,8.2,0,2013-01-01
37,2013-01-01,2,China,20.4,1,2013-03-01
38,2013-01-01,3,China,17.5,2,2013-06-03
39,2013-01-01,4,China,15.1,3,2013-09-02
40,2014-01-01,1,China,15.5,0,2014-01-01
41,2014-01-01,2,China,23.0,1,2014-03-03
42,2014-01-01,3,China,27.1,2,2014-06-02
43,2014-01-01,4,China,21.1,3,2014-09-01
44,2015-01-01,1,China,19.3,0,2015-01-01
45,2015-01-01,2,China,35.0,1,2015-03-02
46,2015-01-01,3,China,31.4,2,2015-06-01
47,2015-01-01,4,China,32.3,3,2015-09-01
48,2016-01-01,1,China,24.5,0,2016-01-01
49,2016-01-01,2,China,28.3,1,2016-03-01
50,2016-01-01,3,China,19.9,2,2016-06-01
51,2016-01-01,4,China,28.7,3,2016-09-01
52,2017-01-01,1,China,40.2,0,2017-01-01
53,2017-01-01,2,China,34.3,1,2017-03-01
54,2017-01-01,3,China,28.5,2,2017-06-01
55,2017-01-01,4,China,40.3,3,2017-09-01
56,2018-01-01,1,China,18.8,0,2018-01-01
57,2018-01-01,2,China,25.7,1,2018-03-01
58,2018-01-01,3,China,19.6,2,2018-06-01
59,2018-01-01,4,China,28.2,3,2018-09-03
60,2019-01-01,1,China,11.3,0,2019-01-01
61,2019-01-01,2,China,18.1,1,2019-03-01
62,2019-01-01,3,China,26.9,2,2019-06-03
63,2019-01-01,4,China,33.1,3,2019-09-02
64,2020-01-01,1,China,20.7,0,2020-01-01
65,2020-01-01,2,China,20.9,1,2020-03-02
66,2004-01-01,1,U.S.,1.2,0,2004-01-01
67,2004-01-01,2,U.S.,1.4,1,2004-03-01
68,2004-01-01,3,U.S.,0.7,2,2004-06-01
69,2004-01-01,4,U.S.,1.5,3,2004-09-01
70,2005-01-01,1,U.S.,1.5,0,2005-01-01
71,2005-01-01,2,U.S.,3.1,1,2005-03-01
72,2005-01-01,3,U.S.,1.6,2,2005-06-01
73,2005-01-01,4,U.S.,3.0,3,2005-09-01
74,2006-01-01,1,U.S.,5.2,0,2006-01-01
75,2006-01-01,2,U.S.,3.4,1,2006-03-01
76,2006-01-01,3,U.S.,5.6,2,2006-06-01
77,2006-01-01,4,U.S.,9.4,3,2006-09-01
78,2007-01-01,1,U.S.,4.8,0,2007-01-01
79,2007-01-01,2,U.S.,5.1,1,2007-03-01
80,2007-01-01,3,U.S.,7.2,2,2007-06-01
81,2007-01-01,4,U.S.,9.1,3,2007-09-03
82,2008-01-01,1,U.S.,8.1,0,2008-01-01
83,2008-01-01,2,U.S.,6.9,1,2008-03-03
84,2008-01-01,3,U.S.,5.6,2,2008-06-02
85,2008-01-01,4,U.S.,5.9,3,2008-09-01
86,2009-01-01,1,U.S.,2.5,0,2009-01-01
87,2009-01-01,2,U.S.,4.0,1,2009-03-02
88,2009-01-01,3,U.S.,3.7,2,2009-06-01
89,2009-01-01,4,U.S.,4.9,3,2009-09-01
90,2010-01-01,1,U.S.,4.5,0,2010-01-01
91,2010-01-01,2,U.S.,6.4,1,2010-03-01
92,2010-01-01,3,U.S.,5.6,2,2010-06-01
93,2010-01-01,4,U.S.,10.7,3,2010-09-01
94,2011-01-01,1,U.S.,3.8,0,2011-01-01
95,2011-01-01,2,U.S.,15.5,1,2011-03-01
96,2011-01-01,3,U.S.,17.9,2,2011-06-01
97,2011-01-01,4,U.S.,8.1,3,2011-09-01
98,2012-01-01,1,U.S.,7.6,0,2012-01-01
99,2012-01-01,2,U.S.,14.3,1,2012-03-01
100,2012-01-01,3,U.S.,6.5,2,2012-06-01
101,2012-01-01,4,U.S.,6.6,3,2012-09-03
102,2013-01-01,1,U.S.,3.4,0,2013-01-01
103,2013-01-01,2,U.S.,7.1,1,2013-03-01
104,2013-01-01,3,U.S.,6.8,2,2013-06-03
105,2013-01-01,4,U.S.,11.8,3,2013-09-02
106,2014-01-01,1,U.S.,6.2,0,2014-01-01
107,2014-01-01,2,U.S.,7.2,1,2014-03-03
108,2014-01-01,3,U.S.,8.1,2,2014-06-02
109,2014-01-01,4,U.S.,10.2,3,2014-09-01
110,2015-01-01,1,U.S.,7.5,0,2015-01-01
111,2015-01-01,2,U.S.,9.2,1,2015-03-02
112,2015-01-01,3,U.S.,11.4,2,2015-06-01
113,2015-01-01,4,U.S.,9.3,3,2015-09-01
114,2016-01-01,1,U.S.,10.7,0,2016-01-01
115,2016-01-01,2,U.S.,11.6,1,2016-03-01
116,2016-01-01,3,U.S.,9.5,2,2016-06-01
117,2016-01-01,4,U.S.,9.2,3,2016-09-01
118,2017-01-01,1,U.S.,8.9,0,2017-01-01
119,2017-01-01,2,U.S.,13.2,1,2017-03-01
120,2017-01-01,3,U.S.,16.1,2,2017-06-01
121,2017-01-01,4,U.S.,7.7,3,2017-09-01
122,2018-01-01,1,U.S.,13.2,0,2018-01-01
123,2018-01-01,2,U.S.,10.8,1,2018-03-01
124,2018-01-01,3,U.S.,12.2,2,2018-06-01
125,2018-01-01,4,U.S.,6.7,3,2018-09-03
126,2019-01-01,1,U.S.,10.1,0,2019-01-01
127,2019-01-01,2,U.S.,15.4,1,2019-03-01
128,2019-01-01,3,U.S.,18.8,2,2019-06-03
129,2019-01-01,4,U.S.,17.0,3,2019-09-02
130,2020-01-01,1,U.S.,10.4,0,2020-01-01
131,2020-01-01,2,U.S.,7.4,1,2020-03-02
132,2004-01-01,1,Other,0.4,0,2004-01-01
133,2004-01-01,2,Other,0.7,1,2004-03-01
134,2004-01-01,3,Other,0.9,2,2004-06-01
135,2004-01-01,4,Other,0.9,3,2004-09-01
136,2005-01-01,1,Other,1.1,0,2005-01-01
137,2005-01-01,2,Other,0.9,1,2005-03-01
138,2005-01-01,3,Other,1.2,2,2005-06-01
139,2005-01-01,4,Other,1.2,3,2005-09-01
140,2006-01-01,1,Other,0.9,0,2006-01-01
141,2006-01-01,2,Other,0.9,1,2006-03-01
142,2006-01-01,3,Other,1.1,2,2006-06-01
143,2006-01-01,4,Other,1.8,3,2006-09-01
144,2007-01-01,1,Other,1.9,0,2007-01-01
145,2007-01-01,2,Other,2.0,1,2007-03-01
146,2007-01-01,3,Other,1.3,2,2007-06-01
147,2007-01-01,4,Other,2.6,3,2007-09-03
148,2008-01-01,1,Other,2.5,0,2008-01-01
149,2008-01-01,2,Other,2.5,1,2008-03-03
150,2008-01-01,3,Other,2.1,2,2008-06-02
151,2008-01-01,4,Other,4.2,3,2008-09-01
152,2009-01-01,1,Other,2.8,0,2009-01-01
153,2009-01-01,2,Other,2.6,1,2009-03-02
154,2009-01-01,3,Other,3.1,2,2009-06-01
155,2009-01-01,4,Other,3.4,3,2009-09-01
156,2010-01-01,1,Other,4.0,0,2010-01-01
157,2010-01-01,2,Other,4.2,1,2010-03-01
158,2010-01-01,3,Other,3.3,2,2010-06-01
159,2010-01-01,4,Other,7.4,3,2010-09-01
160,2011-01-01,1,Other,4.5,0,2011-01-01
161,2011-01-01,2,Other,3.5,1,2011-03-01
162,2011-01-01,3,Other,3.8,2,2011-06-01
163,2011-01-01,4,Other,5.7,3,2011-09-01
164,2012-01-01,1,Other,4.4,0,2012-01-01
165,2012-01-01,2,Other,4.0,1,2012-03-01
166,2012-01-01,3,Other,6.2,2,2012-06-01
167,2012-01-01,4,Other,9.3,3,2012-09-03
168,2013-01-01,1,Other,3.6,0,2013-01-01
169,2013-01-01,2,Other,7.5,1,2013-03-01
170,2013-01-01,3,Other,4.1,2,2013-06-03
171,2013-01-01,4,Other,4.5,3,2013-09-02
172,2014-01-01,1,Other,4.4,0,2014-01-01
173,2014-01-01,2,Other,6.2,1,2014-03-03
174,2014-01-01,3,Other,5.9,2,2014-06-02
175,2014-01-01,4,Other,7.4,3,2014-09-01
176,2015-01-01,1,Other,7.9,0,2015-01-01
177,2015-01-01,2,Other,7.3,1,2015-03-02
178,2015-01-01,3,Other,4.8,2,2015-06-01
179,2015-01-01,4,Other,5.6,3,2015-09-01
180,2016-01-01,1,Other,5.8,0,2016-01-01
181,2016-01-01,2,Other,6.3,1,2016-03-01
182,2016-01-01,3,Other,4.8,2,2016-06-01
183,2016-01-01,4,Other,5.5,3,2016-09-01
184,2017-01-01,1,Other,3.1,0,2017-01-01
185,2017-01-01,2,Other,7.2,1,2017-03-01
186,2017-01-01,3,Other,5.8,2,2017-06-01
187,2017-01-01,4,Other,6.6,3,2017-09-01
188,2018-01-01,1,Other,10.4,0,2018-01-01
189,2018-01-01,2,Other,9.6,1,2018-03-01
190,2018-01-01,3,Other,10.6,2,2018-06-01
191,2018-01-01,4,Other,8.3,3,2018-09-03
192,2019-01-01,1,Other,11.4,0,2019-01-01
193,2019-01-01,2,Other,7.6,1,2019-03-01
194,2019-01-01,3,Other,6.8,2,2019-06-03
195,2019-01-01,4,Other,6.1,3,2019-09-02
196,2020-01-01,1,Other,6.6,0,2020-01-01
197,2020-01-01,2,Other,7.7,1,2020-03-02
198,2004-01-01,1,Germany,1.9,0,2004-01-01
199,2004-01-01,2,Germany,3.5,1,2004-03-01
200,2004-01-01,3,Germany,1.6,2,2004-06-01
201,2004-01-01,4,Germany,1.9,3,2004-09-01
202,2005-01-01,1,Germany,1.9,0,2005-01-01
203,2005-01-01,2,Germany,3.7,1,2005-03-01
204,2005-01-01,3,Germany,2.4,2,2005-06-01
205,2005-01-01,4,Germany,2.6,3,2005-09-01
206,2006-01-01,1,Germany,1.9,0,2006-01-01
207,2006-01-01,2,Germany,3.9,1,2006-03-01
208,2006-01-01,3,Germany,2.2,2,2006-06-01
209,2006-01-01,4,Germany,3.1,3,2006-09-01
210,2007-01-01,1,Germany,2.5,0,2007-01-01
211,2007-01-01,2,Germany,5.4,1,2007-03-01
212,2007-01-01,3,Germany,3.3,2,2007-06-01
213,2007-01-01,4,Germany,3.5,3,2007-09-03
214,2008-01-01,1,Germany,3.2,0,2008-01-01
215,2008-01-01,2,Germany,4.8,1,2008-03-03
216,2008-01-01,3,Germany,4.7,2,2008-06-02
217,2008-01-01,4,Germany,4.0,3,2008-09-01
218,2009-01-01,1,Germany,5.0,0,2009-01-01
219,2009-01-01,2,Germany,7.1,1,2009-03-02
220,2009-01-01,3,Germany,6.3,2,2009-06-01
221,2009-01-01,4,Germany,7.2,3,2009-09-01
222,2010-01-01,1,Germany,7.3,0,2010-01-01
223,2010-01-01,2,Germany,9.0,1,2010-03-01
224,2010-01-01,3,Germany,11.7,2,2010-06-01
225,2010-01-01,4,Germany,9.1,3,2010-09-01
226,2011-01-01,1,Germany,8.2,0,2011-01-01
227,2011-01-01,2,Germany,7.8,1,2011-03-01
228,2011-01-01,3,Germany,11.5,2,2011-06-01
229,2011-01-01,4,Germany,7.8,3,2011-09-01
230,2012-01-01,1,Germany,7.5,0,2012-01-01
231,2012-01-01,2,Germany,6.6,1,2012-03-01
232,2012-01-01,3,Germany,6.4,2,2012-06-01
233,2012-01-01,4,Germany,5.8,3,2012-09-03
234,2013-01-01,1,Germany,4.8,0,2013-01-01
235,2013-01-01,2,Germany,2.3,1,2013-03-01
236,2013-01-01,3,Germany,1.7,2,2013-06-03
237,2013-01-01,4,Germany,4.6,3,2013-09-02
238,2014-01-01,1,Germany,4.4,0,2014-01-01
239,2014-01-01,2,Germany,3.8,1,2014-03-03
240,2014-01-01,3,Germany,1.5,2,2014-06-02
241,2014-01-01,4,Germany,9.0,3,2014-09-01
242,2015-01-01,1,Germany,3.4,0,2015-01-01
243,2015-01-01,2,Germany,6.8,1,2015-03-02
244,2015-01-01,3,Germany,1.8,2,2015-06-01
245,2015-01-01,4,Germany,2.0,3,2015-09-01
246,2016-01-01,1,Germany,1.7,0,2016-01-01
247,2016-01-01,2,Germany,5.9,1,2016-03-01
248,2016-01-01,3,Germany,4.0,2,2016-06-01
249,2016-01-01,4,Germany,2.9,3,2016-09-01
250,2017-01-01,1,Germany,4.7,0,2017-01-01
251,2017-01-01,2,Germany,4.3,1,2017-03-01
252,2017-01-01,3,Germany,3.0,2,2017-06-01
253,2017-01-01,4,Germany,1.8,3,2017-09-01
254,2018-01-01,1,Germany,1.7,0,2018-01-01
255,2018-01-01,2,Germany,1.6,1,2018-03-01
256,2018-01-01,3,Germany,1.6,2,2018-06-01
257,2018-01-01,4,Germany,1.4,3,2018-09-03
258,2019-01-01,1,Germany,1.3,0,2019-01-01
259,2019-01-01,2,Germany,1.6,1,2019-03-01
260,2019-01-01,3,Germany,1.4,2,2019-06-03
261,2019-01-01,4,Germany,1.4,3,2019-09-02
262,2020-01-01,1,Germany,1.1,0,2020-01-01
263,2020-01-01,2,Germany,2.5,1,2020-03-02
264,2004-01-01,1,Japan,1.2,0,2004-01-01
265,2004-01-01,2,Japan,1.0,1,2004-03-01
266,2004-01-01,3,Japan,0.7,2,2004-06-01
267,2004-01-01,4,Japan,1.0,3,2004-09-01
268,2005-01-01,1,Japan,0.6,0,2005-01-01
269,2005-01-01,2,Japan,0.7,1,2005-03-01
270,2005-01-01,3,Japan,0.6,2,2005-06-01
271,2005-01-01,4,Japan,1.0,3,2005-09-01
272,2006-01-01,1,Japan,0.9,0,2006-01-01
273,2006-01-01,2,Japan,0.8,1,2006-03-01
274,2006-01-01,3,Japan,0.7,2,2006-06-01
275,2006-01-01,4,Japan,0.7,3,2006-09-01
276,2007-01-01,1,Japan,0.6,0,2007-01-01
277,2007-01-01,2,Japan,0.6,1,2007-03-01
278,2007-01-01,3,Japan,0.8,2,2007-06-01
279,2007-01-01,4,Japan,0.5,3,2007-09-03
280,2008-01-01,1,Japan,0.4,0,2008-01-01
281,2008-01-01,2,Japan,0.7,1,2008-03-03
282,2008-01-01,3,Japan,1.0,2,2008-06-02
283,2008-01-01,4,Japan,0.4,3,2008-09-01
284,2009-01-01,1,Japan,0.7,0,2009-01-01
285,2009-01-01,2,Japan,0.7,1,2009-03-02
286,2009-01-01,3,Japan,1.0,2,2009-06-01
287,2009-01-01,4,Japan,0.8,3,2009-09-01
288,2010-01-01,1,Japan,1.3,0,2010-01-01
289,2010-01-01,2,Japan,1.5,1,2010-03-01
290,2010-01-01,3,Japan,1.6,2,2010-06-01
291,2010-01-01,4,Japan,1.2,3,2010-09-01
292,2011-01-01,1,Japan,1.8,0,2011-01-01
293,2011-01-01,2,Japan,1.8,1,2011-03-01
294,2011-01-01,3,Japan,1.7,2,2011-06-01
295,2011-01-01,4,Japan,1.9,3,2011-09-01
296,2012-01-01,1,Japan,3.5,0,2012-01-01
297,2012-01-01,2,Japan,3.7,1,2012-03-01
298,2012-01-01,3,Japan,4.4,2,2012-06-01
299,2012-01-01,4,Japan,5.0,3,2012-09-03
300,2013-01-01,1,Japan,7.3,0,2013-01-01
301,2013-01-01,2,Japan,7.7,1,2013-03-01
302,2013-01-01,3,Japan,7.8,2,2013-06-03
303,2013-01-01,4,Japan,7.5,3,2013-09-02
304,2014-01-01,1,Japan,9.3,0,2014-01-01
305,2014-01-01,2,Japan,8.9,1,2014-03-03
306,2014-01-01,3,Japan,9.8,2,2014-06-02
307,2014-01-01,4,Japan,9.4,3,2014-09-01
308,2015-01-01,1,Japan,8.9,0,2015-01-01
309,2015-01-01,2,Japan,8.4,1,2015-03-02
310,2015-01-01,3,Japan,8.6,2,2015-06-01
311,2015-01-01,4,Japan,8.5,3,2015-09-01
312,2016-01-01,1,Japan,6.4,0,2016-01-01
313,2016-01-01,2,Japan,6.0,1,2016-03-01
314,2016-01-01,3,Japan,5.1,2,2016-06-01
315,2016-01-01,4,Japan,5.5,3,2016-09-01
316,2017-01-01,1,Japan,6.4,0,2017-01-01
317,2017-01-01,2,Japan,4.9,1,2017-03-01
318,2017-01-01,3,Japan,5.1,2,2017-06-01
319,2017-01-01,4,Japan,5.0,3,2017-09-01
320,2018-01-01,1,Japan,4.8,0,2018-01-01
321,2018-01-01,2,Japan,4.9,1,2018-03-01
322,2018-01-01,3,Japan,5.5,2,2018-06-01
323,2018-01-01,4,Japan,4.3,3,2018-09-03
324,2019-01-01,1,Japan,4.8,0,2019-01-01
325,2019-01-01,2,Japan,4.7,1,2019-03-01
326,2019-01-01,3,Japan,4.1,2,2019-06-03
327,2019-01-01,4,Japan,3.9,3,2019-09-02
328,2020-01-01,1,Japan,6.4,0,2020-01-01
329,2020-01-01,2,Japan,4.4,1,2020-03-02
330,2004-01-01,1,U.K.,0.5,0,2004-01-01
331,2004-01-01,2,U.K.,0.3,1,2004-03-01
332,2004-01-01,3,U.K.,0.4,2,2004-06-01
333,2004-01-01,4,U.K.,0.3,3,2004-09-01
334,2005-01-01,1,U.K.,0.6,0,2005-01-01
335,2005-01-01,2,U.K.,0.7,1,2005-03-01
336,2005-01-01,3,U.K.,0.6,2,2005-06-01
337,2005-01-01,4,U.K.,0.7,3,2005-09-01
338,2006-01-01,1,U.K.,0.2,0,2006-01-01
339,2006-01-01,2,U.K.,0.4,1,2006-03-01
340,2006-01-01,3,U.K.,0.7,2,2006-06-01
341,2006-01-01,4,U.K.,1.2,3,2006-09-01
342,2007-01-01,1,U.K.,1.1,0,2007-01-01
343,2007-01-01,2,U.K.,0.7,1,2007-03-01
344,2007-01-01,3,U.K.,0.7,2,2007-06-01
345,2007-01-01,4,U.K.,0.7,3,2007-09-03
346,2008-01-01,1,U.K.,0.4,0,2008-01-01
347,2008-01-01,2,U.K.,0.5,1,2008-03-03
348,2008-01-01,3,U.K.,1.4,2,2008-06-02
349,2008-01-01,4,U.K.,2.2,3,2008-09-01
350,2009-01-01,1,U.K.,0.3,0,2009-01-01
351,2009-01-01,2,U.K.,5.0,1,2009-03-02
352,2009-01-01,3,U.K.,4.0,2,2009-06-01
353,2009-01-01,4,U.K.,0.4,3,2009-09-01
354,2010-01-01,1,U.K.,1.0,0,2010-01-01
355,2010-01-01,2,U.K.,0.3,1,2010-03-01
356,2010-01-01,3,U.K.,3.9,2,2010-06-01
357,2010-01-01,4,U.K.,3.8,3,2010-09-01
358,2011-01-01,1,U.K.,3.0,0,2011-01-01
359,2011-01-01,2,U.K.,3.7,1,2011-03-01
360,2011-01-01,3,U.K.,1.9,2,2011-06-01
361,2011-01-01,4,U.K.,3.4,3,2011-09-01
362,2012-01-01,1,U.K.,2.3,0,2012-01-01
363,2012-01-01,2,U.K.,3.4,1,2012-03-01
364,2012-01-01,3,U.K.,1.0,2,2012-06-01
365,2012-01-01,4,U.K.,3.3,3,2012-09-03
366,2013-01-01,1,U.K.,3.4,0,2013-01-01
367,2013-01-01,2,U.K.,2.3,1,2013-03-01
368,2013-01-01,3,U.K.,2.9,2,2013-06-03
369,2013-01-01,4,U.K.,3.4,3,2013-09-02
370,2014-01-01,1,U.K.,3.9,0,2014-01-01
371,2014-01-01,2,U.K.,2.0,1,2014-03-03
372,2014-01-01,3,U.K.,2.8,2,2014-06-02
373,2014-01-01,4,U.K.,7.0,3,2014-09-01
374,2015-01-01,1,U.K.,4.2,0,2015-01-01
375,2015-01-01,2,U.K.,7.4,1,2015-03-02
376,2015-01-01,3,U.K.,2.5,2,2015-06-01
377,2015-01-01,4,U.K.,9.1,3,2015-09-01
378,2016-01-01,1,U.K.,14.2,0,2016-01-01
379,2016-01-01,2,U.K.,5.1,1,2016-03-01
380,2016-01-01,3,U.K.,2.3,2,2016-06-01
381,2016-01-01,4,U.K.,1.7,3,2016-09-01
382,2017-01-01,1,U.K.,0.6,0,2017-01-01
383,2017-01-01,2,U.K.,0.8,1,2017-03-01
384,2017-01-01,3,U.K.,5.5,2,2017-06-01
385,2017-01-01,4,U.K.,0.2,3,2017-09-01
386,2018-01-01,1,U.K.,1.2,0,2018-01-01
387,2018-01-01,2,U.K.,0.8,1,2018-03-01
388,2018-01-01,3,U.K.,2.8,2,2018-06-01
389,2018-01-01,4,U.K.,3.8,3,2018-09-03
390,2019-01-01,1,U.K.,1.4,0,2019-01-01
391,2019-01-01,2,U.K.,0.1,1,2019-03-01
392,2019-01-01,3,U.K.,0.5,2,2019-06-03
393,2019-01-01,4,U.K.,3.6,3,2019-09-02
394,2020-01-01,1,U.K.,0.4,0,2020-01-01
395,2020-01-01,2,U.K.,5.3,1,2020-03-02
396,2004-01-01,1,India,1.1,0,2004-01-01
397,2004-01-01,2,India,0.3,1,2004-03-01
398,2004-01-01,3,India,0.7,2,2004-06-01
399,2004-01-01,4,India,0.6,3,2004-09-01
400,2005-01-01,1,India,0.7,0,2005-01-01
401,2005-01-01,2,India,0.3,1,2005-03-01
402,2005-01-01,3,India,1.0,2,2005-06-01
403,2005-01-01,4,India,0.8,3,2005-09-01
404,2006-01-01,1,India,1.5,0,2006-01-01
405,2006-01-01,2,India,1.0,1,2006-03-01
406,2006-01-01,3,India,1.0,2,2006-06-01
407,2006-01-01,4,India,1.1,3,2006-09-01
408,2007-01-01,1,India,1.2,0,2007-01-01
409,2007-01-01,2,India,1.6,1,2007-03-01
410,2007-01-01,3,India,1.4,2,2007-06-01
411,2007-01-01,4,India,1.2,3,2007-09-03
412,2008-01-01,1,India,1.6,0,2008-01-01
413,2008-01-01,2,India,1.2,1,2008-03-03
414,2008-01-01,3,India,1.4,2,2008-06-02
415,2008-01-01,4,India,1.0,3,2008-09-01
416,2009-01-01,1,India,1.3,0,2009-01-01
417,2009-01-01,2,India,0.7,1,2009-03-02
418,2009-01-01,3,India,1.2,2,2009-06-01
419,2009-01-01,4,India,0.8,3,2009-09-01
420,2010-01-01,1,India,2.0,0,2010-01-01
421,2010-01-01,2,India,1.0,1,2010-03-01
422,2010-01-01,3,India,2.1,2,2010-06-01
423,2010-01-01,4,India,1.3,3,2010-09-01
424,2011-01-01,1,India,2.8,0,2011-01-01
425,2011-01-01,2,India,2.3,1,2011-03-01
426,2011-01-01,3,India,4.1,2,2011-06-01
427,2011-01-01,4,India,2.0,3,2011-09-01
428,2012-01-01,1,India,1.4,0,2012-01-01
429,2012-01-01,2,India,2.3,1,2012-03-01
430,2012-01-01,3,India,1.7,2,2012-06-01
431,2012-01-01,4,India,1.1,3,2012-09-03
432,2013-01-01,1,India,1.7,0,2013-01-01
433,2013-01-01,2,India,0.7,1,2013-03-01
434,2013-01-01,3,India,1.4,2,2013-06-03
435,2013-01-01,4,India,0.8,3,2013-09-02
436,2014-01-01,1,India,1.2,0,2014-01-01
437,2014-01-01,2,India,0.9,1,2014-03-03
438,2014-01-01,3,India,2.1,2,2014-06-02
439,2014-01-01,4,India,1.9,3,2014-09-01
440,2015-01-01,1,India,1.8,0,2015-01-01
441,2015-01-01,2,India,1.2,1,2015-03-02
442,2015-01-01,3,India,1.9,2,2015-06-01
443,2015-01-01,4,India,2.6,3,2015-09-01
444,2016-01-01,1,India,3.1,0,2016-01-01
445,2016-01-01,2,India,1.9,1,2016-03-01
446,2016-01-01,3,India,4.4,2,2016-06-01
447,2016-01-01,4,India,3.5,3,2016-09-01
448,2017-01-01,1,India,4.0,0,2017-01-01
449,2017-01-01,2,India,2.1,1,2017-03-01
450,2017-01-01,3,India,4.5,2,2017-06-01
451,2017-01-01,4,India,2.9,3,2017-09-01
452,2018-01-01,1,India,3.3,0,2018-01-01
453,2018-01-01,2,India,2.5,1,2018-03-01
454,2018-01-01,3,India,2.0,2,2018-06-01
455,2018-01-01,4,India,3.2,3,2018-09-03
456,2019-01-01,1,India,3.1,0,2019-01-01
457,2019-01-01,2,India,2.2,1,2019-03-01
458,2019-01-01,3,India,2.4,2,2019-06-03
459,2019-01-01,4,India,1.6,3,2019-09-02
460,2020-01-01,1,India,1.2,0,2020-01-01
461,2020-01-01,2,India,1.5,1,2020-03-02
462,2004-01-01,1,Spain,0.7,0,2004-01-01
463,2004-01-01,2,Spain,2.9,1,2004-03-01
464,2004-01-01,3,Spain,0.7,2,2004-06-01
465,2004-01-01,4,Spain,0.4,3,2004-09-01
466,2005-01-01,1,Spain,1.2,0,2005-01-01
467,2005-01-01,2,Spain,1.7,1,2005-03-01
468,2005-01-01,3,Spain,0.9,2,2005-06-01
469,2005-01-01,4,Spain,1.0,3,2005-09-01
470,2006-01-01,1,Spain,0.7,0,2006-01-01
471,2006-01-01,2,Spain,2.5,1,2006-03-01
472,2006-01-01,3,Spain,1.9,2,2006-06-01
473,2006-01-01,4,Spain,4.4,3,2006-09-01
474,2007-01-01,1,Spain,1.8,0,2007-01-01
475,2007-01-01,2,Spain,3.9,1,2007-03-01
476,2007-01-01,3,Spain,4.1,2,2007-06-01
477,2007-01-01,4,Spain,6.2,3,2007-09-03
478,2008-01-01,1,Spain,5.1,0,2008-01-01
479,2008-01-01,2,Spain,4.9,1,2008-03-03
480,2008-01-01,3,Spain,7.9,2,2008-06-02
481,2008-01-01,4,Spain,4.8,3,2008-09-01
482,2009-01-01,1,Spain,2.7,0,2009-01-01
483,2009-01-01,2,Spain,3.9,1,2009-03-02
484,2009-01-01,3,Spain,1.8,2,2009-06-01
485,2009-01-01,4,Spain,0.7,3,2009-09-01
486,2010-01-01,1,Spain,1.7,0,2010-01-01
487,2010-01-01,2,Spain,2.5,1,2010-03-01
488,2010-01-01,3,Spain,2.0,2,2010-06-01
489,2010-01-01,4,Spain,1.5,3,2010-09-01
490,2011-01-01,1,Spain,1.2,0,2011-01-01
491,2011-01-01,2,Spain,5.7,1,2011-03-01
492,2011-01-01,3,Spain,2.0,2,2011-06-01
493,2011-01-01,4,Spain,0.9,3,2011-09-01
494,2012-01-01,1,Spain,0.8,0,2012-01-01
495,2012-01-01,2,Spain,1.0,1,2012-03-01
496,2012-01-01,3,Spain,0.3,2,2012-06-01
497,2012-01-01,4,Spain,0.6,3,2012-09-03
498,2013-01-01,1,Spain,0.4,0,2013-01-01
499,2013-01-01,2,Spain,0.1,1,2013-03-01
500,2013-01-01,3,Spain,0.1,2,2013-06-03
501,2013-01-01,4,Spain,0.1,3,2013-09-02
502,2014-01-01,1,Spain,0.0,0,2014-01-01
503,2014-01-01,2,Spain,0.0,1,2014-03-03
504,2014-01-01,3,Spain,0.0,2,2014-06-02
505,2014-01-01,4,Spain,0.0,3,2014-09-01
506,2015-01-01,1,Spain,0.0,0,2015-01-01
507,2015-01-01,2,Spain,0.0,1,2015-03-02
508,2015-01-01,3,Spain,0.1,2,2015-06-01
509,2015-01-01,4,Spain,0.0,3,2015-09-01
510,2016-01-01,1,Spain,0.1,0,2016-01-01
511,2016-01-01,2,Spain,0.0,1,2016-03-01
512,2016-01-01,3,Spain,0.0,2,2016-06-01
513,2016-01-01,4,Spain,0.1,3,2016-09-01
514,2017-01-01,1,Spain,0.1,0,2017-01-01
515,2017-01-01,2,Spain,0.2,1,2017-03-01
516,2017-01-01,3,Spain,0.2,2,2017-06-01
517,2017-01-01,4,Spain,0.3,3,2017-09-01
518,2018-01-01,1,Spain,0.2,0,2018-01-01
519,2018-01-01,2,Spain,1.0,1,2018-03-01
520,2018-01-01,3,Spain,1.6,2,2018-06-01
521,2018-01-01,4,Spain,3.9,3,2018-09-03
522,2019-01-01,1,Spain,1.5,0,2019-01-01
523,2019-01-01,2,Spain,2.6,1,2019-03-01
524,2019-01-01,3,Spain,2.6,2,2019-06-03
525,2019-01-01,4,Spain,2.4,3,2019-09-02
526,2020-01-01,1,Spain,1.8,0,2020-01-01
527,2020-01-01,2,Spain,1.9,1,2020-03-02
528,2004-01-01,1,Italy,0.2,0,2004-01-01
529,2004-01-01,2,Italy,0.3,1,2004-03-01
530,2004-01-01,3,Italy,0.2,2,2004-06-01
531,2004-01-01,4,Italy,0.2,3,2004-09-01
532,2005-01-01,1,Italy,0.2,0,2005-01-01
533,2005-01-01,2,Italy,0.2,1,2005-03-01
534,2005-01-01,3,Italy,0.7,2,2005-06-01
535,2005-01-01,4,Italy,0.9,3,2005-09-01
536,2006-01-01,1,Italy,0.2,0,2006-01-01
537,2006-01-01,2,Italy,0.2,1,2006-03-01
538,2006-01-01,3,Italy,0.5,2,2006-06-01
539,2006-01-01,4,Italy,0.6,3,2006-09-01
540,2007-01-01,1,Italy,0.4,0,2007-01-01
541,2007-01-01,2,Italy,0.7,1,2007-03-01
542,2007-01-01,3,Italy,0.8,2,2007-06-01
543,2007-01-01,4,Italy,1.5,3,2007-09-03
544,2008-01-01,1,Italy,1.2,0,2008-01-01
545,2008-01-01,2,Italy,1.9,1,2008-03-03
546,2008-01-01,3,Italy,2.9,2,2008-06-02
547,2008-01-01,4,Italy,1.8,3,2008-09-01
548,2009-01-01,1,Italy,1.3,0,2009-01-01
549,2009-01-01,2,Italy,2.0,1,2009-03-02
550,2009-01-01,3,Italy,2.3,2,2009-06-01
551,2009-01-01,4,Italy,2.1,3,2009-09-01
552,2010-01-01,1,Italy,5.4,0,2010-01-01
553,2010-01-01,2,Italy,4.9,1,2010-03-01
554,2010-01-01,3,Italy,5.5,2,2010-06-01
555,2010-01-01,4,Italy,7.8,3,2010-09-01
556,2011-01-01,1,Italy,8.8,0,2011-01-01
557,2011-01-01,2,Italy,9.7,1,2011-03-01
558,2011-01-01,3,Italy,7.3,2,2011-06-01
559,2011-01-01,4,Italy,6.6,3,2011-09-01
560,2012-01-01,1,Italy,3.7,0,2012-01-01
561,2012-01-01,2,Italy,4.1,1,2012-03-01
562,2012-01-01,3,Italy,3.9,2,2012-06-01
563,2012-01-01,4,Italy,3.5,3,2012-09-03
564,2013-01-01,1,Italy,0.8,0,2013-01-01
565,2013-01-01,2,Italy,1.0,1,2013-03-01
566,2013-01-01,3,Italy,0.8,2,2013-06-03
567,2013-01-01,4,Italy,0.8,3,2013-09-02
568,2014-01-01,1,Italy,0.4,0,2014-01-01
569,2014-01-01,2,Italy,0.2,1,2014-03-03
570,2014-01-01,3,Italy,0.3,2,2014-06-02
571,2014-01-01,4,Italy,0.3,3,2014-09-01
572,2015-01-01,1,Italy,0.4,0,2015-01-01
573,2015-01-01,2,Italy,0.4,1,2015-03-02
574,2015-01-01,3,Italy,0.3,2,2015-06-01
575,2015-01-01,4,Italy,0.2,3,2015-09-01
576,2016-01-01,1,Italy,0.4,0,2016-01-01
577,2016-01-01,2,Italy,0.3,1,2016-03-01
578,2016-01-01,3,Italy,0.3,2,2016-06-01
579,2016-01-01,4,Italy,0.6,3,2016-09-01
580,2017-01-01,1,Italy,0.3,0,2017-01-01
581,2017-01-01,2,Italy,0.3,1,2017-03-01
582,2017-01-01,3,Italy,0.2,2,2017-06-01
583,2017-01-01,4,Italy,0.2,3,2017-09-01
584,2018-01-01,1,Italy,0.6,0,2018-01-01
585,2018-01-01,2,Italy,0.6,1,2018-03-01
586,2018-01-01,3,Italy,0.4,2,2018-06-01
587,2018-01-01,4,Italy,0.3,3,2018-09-03
588,2019-01-01,1,Italy,0.6,0,2019-01-01
589,2019-01-01,2,Italy,0.3,1,2019-03-01
590,2019-01-01,3,Italy,0.3,2,2019-06-03
591,2019-01-01,4,Italy,0.3,3,2019-09-02
592,2020-01-01,1,Italy,0.4,0,2020-01-01
593,2020-01-01,2,Italy,0.2,1,2020-03-02
594,2004-01-01,1,Brazil,0.1,0,2004-01-01
595,2004-01-01,2,Brazil,0.2,1,2004-03-01
596,2004-01-01,3,Brazil,0.1,2,2004-06-01
597,2004-01-01,4,Brazil,0.2,3,2004-09-01
598,2005-01-01,1,Brazil,0.1,0,2005-01-01
599,2005-01-01,2,Brazil,0.6,1,2005-03-01
600,2005-01-01,3,Brazil,0.5,2,2005-06-01
601,2005-01-01,4,Brazil,0.8,3,2005-09-01
602,2006-01-01,1,Brazil,0.9,0,2006-01-01
603,2006-01-01,2,Brazil,1.1,1,2006-03-01
604,2006-01-01,3,Brazil,0.9,2,2006-06-01
605,2006-01-01,4,Brazil,1.2,3,2006-09-01
606,2007-01-01,1,Brazil,2.0,0,2007-01-01
607,2007-01-01,2,Brazil,1.4,1,2007-03-01
608,2007-01-01,3,Brazil,2.0,2,2007-06-01
609,2007-01-01,4,Brazil,2.3,3,2007-09-03
610,2008-01-01,1,Brazil,1.7,0,2008-01-01
611,2008-01-01,2,Brazil,2.6,1,2008-03-03
612,2008-01-01,3,Brazil,2.6,2,2008-06-02
613,2008-01-01,4,Brazil,4.3,3,2008-09-01
614,2009-01-01,1,Brazil,0.8,0,2009-01-01
615,2009-01-01,2,Brazil,1.7,1,2009-03-02
616,2009-01-01,3,Brazil,2.0,2,2009-06-01
617,2009-01-01,4,Brazil,2.0,3,2009-09-01
618,2010-01-01,1,Brazil,2.5,0,2010-01-01
619,2010-01-01,2,Brazil,2.3,1,2010-03-01
620,2010-01-01,3,Brazil,0.7,2,2010-06-01
621,2010-01-01,4,Brazil,0.9,3,2010-09-01
622,2011-01-01,1,Brazil,2.0,0,2011-01-01
623,2011-01-01,2,Brazil,2.8,1,2011-03-01
624,2011-01-01,3,Brazil,1.2,2,2011-06-01
625,2011-01-01,4,Brazil,3.7,3,2011-09-01
626,2012-01-01,1,Brazil,1.1,0,2012-01-01
627,2012-01-01,2,Brazil,1.8,1,2012-03-01
628,2012-01-01,3,Brazil,2.5,2,2012-06-01
629,2012-01-01,4,Brazil,2.1,3,2012-09-03
630,2013-01-01,1,Brazil,0.5,0,2013-01-01
631,2013-01-01,2,Brazil,1.2,1,2013-03-01
632,2013-01-01,3,Brazil,1.0,2,2013-06-03
633,2013-01-01,4,Brazil,0.8,3,2013-09-02
634,2014-01-01,1,Brazil,1.3,0,2014-01-01
635,2014-01-01,2,Brazil,1.4,1,2014-03-03
636,2014-01-01,3,Brazil,0.4,2,2014-06-02
637,2014-01-01,4,Brazil,2.2,3,2014-09-01
638,2015-01-01,1,Brazil,1.2,0,2015-01-01
639,2015-01-01,2,Brazil,1.6,1,2015-03-02
640,2015-01-01,3,Brazil,2.5,2,2015-06-01
641,2015-01-01,4,Brazil,1.4,3,2015-09-01
642,2016-01-01,1,Brazil,1.5,0,2016-01-01
643,2016-01-01,2,Brazil,1.5,1,2016-03-01
644,2016-01-01,3,Brazil,1.1,2,2016-06-01
645,2016-01-01,4,Brazil,1.1,3,2016-09-01
646,2017-01-01,1,Brazil,1.5,0,2017-01-01
647,2017-01-01,2,Brazil,1.6,1,2017-03-01
648,2017-01-01,3,Brazil,1.7,2,2017-06-01
649,2017-01-01,4,Brazil,1.2,3,2017-09-01
650,2018-01-01,1,Brazil,0.5,0,2018-01-01
651,2018-01-01,2,Brazil,0.9,1,2018-03-01
652,2018-01-01,3,Brazil,0.4,2,2018-06-01
653,2018-01-01,4,Brazil,2.1,3,2018-09-03
654,2019-01-01,1,Brazil,1.5,0,2019-01-01
655,2019-01-01,2,Brazil,1.9,1,2019-03-01
656,2019-01-01,3,Brazil,1.6,2,2019-06-03
657,2019-01-01,4,Brazil,2.1,3,2019-09-02
658,2020-01-01,1,Brazil,1.7,0,2020-01-01
659,2020-01-01,2,Brazil,0.7,1,2020-03-02
660,2004-01-01,1,France,0.1,0,2004-01-01
661,2004-01-01,2,France,0.1,1,2004-03-01
662,2004-01-01,3,France,0.1,2,2004-06-01
663,2004-01-01,4,France,0.1,3,2004-09-01
664,2005-01-01,1,France,0.2,0,2005-01-01
665,2005-01-01,2,France,0.7,1,2005-03-01
666,2005-01-01,3,France,0.8,2,2005-06-01
667,2005-01-01,4,France,0.5,3,2005-09-01
668,2006-01-01,1,France,1.0,0,2006-01-01
669,2006-01-01,2,France,1.2,1,2006-03-01
670,2006-01-01,3,France,0.5,2,2006-06-01
671,2006-01-01,4,France,0.9,3,2006-09-01
672,2007-01-01,1,France,0.8,0,2007-01-01
673,2007-01-01,2,France,0.4,1,2007-03-01
674,2007-01-01,3,France,0.9,2,2007-06-01
675,2007-01-01,4,France,0.7,3,2007-09-03
676,2008-01-01,1,France,0.8,0,2008-01-01
677,2008-01-01,2,France,1.6,1,2008-03-03
678,2008-01-01,3,France,0.9,2,2008-06-02
679,2008-01-01,4,France,0.8,3,2008-09-01
680,2009-01-01,1,France,0.8,0,2009-01-01
681,2009-01-01,2,France,1.0,1,2009-03-02
682,2009-01-01,3,France,0.6,2,2009-06-01
683,2009-01-01,4,France,1.0,3,2009-09-01
684,2010-01-01,1,France,1.4,0,2010-01-01
685,2010-01-01,2,France,1.1,1,2010-03-01
686,2010-01-01,3,France,1.3,2,2010-06-01
687,2010-01-01,4,France,1.3,3,2010-09-01
688,2011-01-01,1,France,2.4,0,2011-01-01
689,2011-01-01,2,France,2.9,1,2011-03-01
690,2011-01-01,3,France,2.3,2,2011-06-01
691,2011-01-01,4,France,2.4,3,2011-09-01
692,2012-01-01,1,France,1.8,0,2012-01-01
693,2012-01-01,2,France,1.7,1,2012-03-01
694,2012-01-01,3,France,0.8,2,2012-06-01
695,2012-01-01,4,France,1.0,3,2012-09-03
696,2013-01-01,1,France,1.0,0,2013-01-01
697,2013-01-01,2,France,1.2,1,2013-03-01
698,2013-01-01,3,France,0.9,2,2013-06-03
699,2013-01-01,4,France,1.1,3,2013-09-02
700,2014-01-01,1,France,0.9,0,2014-01-01
701,2014-01-01,2,France,1.6,1,2014-03-03
702,2014-01-01,3,France,1.5,2,2014-06-02
703,2014-01-01,4,France,2.0,3,2014-09-01
704,2015-01-01,1,France,0.7,0,2015-01-01
705,2015-01-01,2,France,0.5,1,2015-03-02
706,2015-01-01,3,France,0.7,2,2015-06-01
707,2015-01-01,4,France,1.0,3,2015-09-01
708,2016-01-01,1,France,0.6,0,2016-01-01
709,2016-01-01,2,France,0.9,1,2016-03-01
710,2016-01-01,3,France,0.6,2,2016-06-01
711,2016-01-01,4,France,1.2,3,2016-09-01
712,2017-01-01,1,France,1.1,0,2017-01-01
713,2017-01-01,2,France,1.4,1,2017-03-01
714,2017-01-01,3,France,0.9,2,2017-06-01
715,2017-01-01,4,France,1.0,3,2017-09-01
716,2018-01-01,1,France,1.5,0,2018-01-01
717,2018-01-01,2,France,1.2,1,2018-03-01
718,2018-01-01,3,France,0.6,2,2018-06-01
719,2018-01-01,4,France,1.2,3,2018-09-03
720,2019-01-01,1,France,0.5,0,2019-01-01
721,2019-01-01,2,France,1.0,1,2019-03-01
722,2019-01-01,3,France,2.9,2,2019-06-03
723,2019-01-01,4,France,0.5,3,2019-09-02
724,2020-01-01,1,France,0.5,0,2020-01-01
725,2020-01-01,2,France,5.7,1,2020-03-02
726,2004-01-01,1,Australia,0.2,0,2004-01-01
727,2004-01-01,2,Australia,0.0,1,2004-03-01
728,2004-01-01,3,Australia,0.3,2,2004-06-01
729,2004-01-01,4,Australia,0.1,3,2004-09-01
730,2005-01-01,1,Australia,0.2,0,2005-01-01
731,2005-01-01,2,Australia,0.1,1,2005-03-01
732,2005-01-01,3,Australia,0.5,2,2005-06-01
733,2005-01-01,4,Australia,0.0,3,2005-09-01
734,2006-01-01,1,Australia,0.5,0,2006-01-01
735,2006-01-01,2,Australia,0.4,1,2006-03-01
736,2006-01-01,3,Australia,0.3,2,2006-06-01
737,2006-01-01,4,Australia,0.3,3,2006-09-01
738,2007-01-01,1,Australia,0.1,0,2007-01-01
739,2007-01-01,2,Australia,0.1,1,2007-03-01
740,2007-01-01,3,Australia,0.1,2,2007-06-01
741,2007-01-01,4,Australia,0.5,3,2007-09-03
742,2008-01-01,1,Australia,0.2,0,2008-01-01
743,2008-01-01,2,Australia,0.1,1,2008-03-03
744,2008-01-01,3,Australia,0.5,2,2008-06-02
745,2008-01-01,4,Australia,0.1,3,2008-09-01
746,2009-01-01,1,Australia,0.4,0,2009-01-01
747,2009-01-01,2,Australia,0.4,1,2009-03-02
748,2009-01-01,3,Australia,0.6,2,2009-06-01
749,2009-01-01,4,Australia,0.6,3,2009-09-01
750,2010-01-01,1,Australia,1.4,0,2010-01-01
751,2010-01-01,2,Australia,0.8,1,2010-03-01
752,2010-01-01,3,Australia,1.5,2,2010-06-01
753,2010-01-01,4,Australia,0.7,3,2010-09-01
754,2011-01-01,1,Australia,1.2,0,2011-01-01
755,2011-01-01,2,Australia,1.5,1,2011-03-01
756,2011-01-01,3,Australia,1.2,2,2011-06-01
757,2011-01-01,4,Australia,1.6,3,2011-09-01
758,2012-01-01,1,Australia,0.9,0,2012-01-01
759,2012-01-01,2,Australia,1.1,1,2012-03-01
760,2012-01-01,3,Australia,1.6,2,2012-06-01
761,2012-01-01,4,Australia,0.9,3,2012-09-03
762,2013-01-01,1,Australia,0.5,0,2013-01-01
763,2013-01-01,2,Australia,1.3,1,2013-03-01
764,2013-01-01,3,Australia,1.3,2,2013-06-03
765,2013-01-01,4,Australia,0.7,3,2013-09-02
766,2014-01-01,1,Australia,0.5,0,2014-01-01
767,2014-01-01,2,Australia,0.5,1,2014-03-03
768,2014-01-01,3,Australia,0.6,2,2014-06-02
769,2014-01-01,4,Australia,0.4,3,2014-09-01
770,2015-01-01,1,Australia,0.5,0,2015-01-01
771,2015-01-01,2,Australia,0.8,1,2015-03-02
772,2015-01-01,3,Australia,0.6,2,2015-06-01
773,2015-01-01,4,Australia,0.4,3,2015-09-01
774,2016-01-01,1,Australia,0.4,0,2016-01-01
775,2016-01-01,2,Australia,0.8,1,2016-03-01
776,2016-01-01,3,Australia,0.4,2,2016-06-01
777,2016-01-01,4,Australia,1.8,3,2016-09-01
778,2017-01-01,1,Australia,2.0,0,2017-01-01
779,2017-01-01,2,Australia,1.5,1,2017-03-01
780,2017-01-01,3,Australia,2.0,2,2017-06-01
781,2017-01-01,4,Australia,1.1,3,2017-09-01
782,2018-01-01,1,Australia,2.8,0,2018-01-01
783,2018-01-01,2,Australia,2.2,1,2018-03-01
784,2018-01-01,3,Australia,1.5,2,2018-06-01
785,2018-01-01,4,Australia,2.9,3,2018-09-03
786,2019-01-01,1,Australia,1.3,0,2019-01-01
787,2019-01-01,2,Australia,1.5,1,2019-03-01
788,2019-01-01,3,Australia,1.8,2,2019-06-03
789,2019-01-01,4,Australia,1.3,3,2019-09-02
790,2020-01-01,1,Australia,1.0,0,2020-01-01
791,2020-01-01,2,Australia,0.4,1,2020-03-02
792,2004-01-01,1,Netherlands,0.1,0,2004-01-01
793,2004-01-01,2,Netherlands,0.5,1,2004-03-01
794,2004-01-01,3,Netherlands,0.0,2,2004-06-01
795,2004-01-01,4,Netherlands,0.2,3,2004-09-01
796,2005-01-01,1,Netherlands,0.3,0,2005-01-01
797,2005-01-01,2,Netherlands,0.3,1,2005-03-01
798,2005-01-01,3,Netherlands,0.1,2,2005-06-01
799,2005-01-01,4,Netherlands,0.0,3,2005-09-01
800,2006-01-01,1,Netherlands,0.2,0,2006-01-01
801,2006-01-01,2,Netherlands,0.3,1,2006-03-01
802,2006-01-01,3,Netherlands,0.1,2,2006-06-01
803,2006-01-01,4,Netherlands,0.5,3,2006-09-01
804,2007-01-01,1,Netherlands,0.3,0,2007-01-01
805,2007-01-01,2,Netherlands,0.3,1,2007-03-01
806,2007-01-01,3,Netherlands,0.5,2,2007-06-01
807,2007-01-01,4,Netherlands,0.1,3,2007-09-03
808,2008-01-01,1,Netherlands,0.3,0,2008-01-01
809,2008-01-01,2,Netherlands,0.2,1,2008-03-03
810,2008-01-01,3,Netherlands,0.3,2,2008-06-02
811,2008-01-01,4,Netherlands,0.1,3,2008-09-01
812,2009-01-01,1,Netherlands,0.3,0,2009-01-01
813,2009-01-01,2,Netherlands,1.9,1,2009-03-02
814,2009-01-01,3,Netherlands,0.0,2,2009-06-01
815,2009-01-01,4,Netherlands,0.0,3,2009-09-01
816,2010-01-01,1,Netherlands,0.1,0,2010-01-01
817,2010-01-01,2,Netherlands,0.1,1,2010-03-01
818,2010-01-01,3,Netherlands,0.0,2,2010-06-01
819,2010-01-01,4,Netherlands,0.1,3,2010-09-01
820,2011-01-01,1,Netherlands,0.7,0,2011-01-01
821,2011-01-01,2,Netherlands,0.1,1,2011-03-01
822,2011-01-01,3,Netherlands,0.3,2,2011-06-01
823,2011-01-01,4,Netherlands,0.4,3,2011-09-01
824,2012-01-01,1,Netherlands,0.2,0,2012-01-01
825,2012-01-01,2,Netherlands,0.4,1,2012-03-01
826,2012-01-01,3,Netherlands,0.3,2,2012-06-01
827,2012-01-01,4,Netherlands,0.9,3,2012-09-03
828,2013-01-01,1,Netherlands,0.3,0,2013-01-01
829,2013-01-01,2,Netherlands,0.3,1,2013-03-01
830,2013-01-01,3,Netherlands,0.9,2,2013-06-03
831,2013-01-01,4,Netherlands,0.3,3,2013-09-02
832,2014-01-01,1,Netherlands,0.9,0,2014-01-01
833,2014-01-01,2,Netherlands,4.2,1,2014-03-03
834,2014-01-01,3,Netherlands,0.8,2,2014-06-02
835,2014-01-01,4,Netherlands,0.2,3,2014-09-01
836,2015-01-01,1,Netherlands,0.3,0,2015-01-01
837,2015-01-01,2,Netherlands,0.4,1,2015-03-02
838,2015-01-01,3,Netherlands,0.2,2,2015-06-01
839,2015-01-01,4,Netherlands,0.3,3,2015-09-01
840,2016-01-01,1,Netherlands,0.2,0,2016-01-01
841,2016-01-01,2,Netherlands,2.0,1,2016-03-01
842,2016-01-01,3,Netherlands,0.3,2,2016-06-01
843,2016-01-01,4,Netherlands,1.1,3,2016-09-01
844,2017-01-01,1,Netherlands,0.4,0,2017-01-01
845,2017-01-01,2,Netherlands,4.1,1,2017-03-01
846,2017-01-01,3,Netherlands,0.3,2,2017-06-01
847,2017-01-01,4,Netherlands,0.5,3,2017-09-01
848,2018-01-01,1,Netherlands,0.4,0,2018-01-01
849,2018-01-01,2,Netherlands,2.5,1,2018-03-01
850,2018-01-01,3,Netherlands,0.9,2,2018-06-01
851,2018-01-01,4,Netherlands,0.7,3,2018-09-03
852,2019-01-01,1,Netherlands,0.9,0,2019-01-01
853,2019-01-01,2,Netherlands,1.2,1,2019-03-01
854,2019-01-01,3,Netherlands,1.1,2,2019-06-03
855,2019-01-01,4,Netherlands,1.8,3,2019-09-02
856,2020-01-01,1,Netherlands,1.3,0,2020-01-01
857,2020-01-01,2,Netherlands,5.6,1,2020-03-02
858,2004-01-01,1,Canada,0.2,0,2004-01-01
859,2004-01-01,2,Canada,0.1,1,2004-03-01
860,2004-01-01,3,Canada,0.4,2,2004-06-01
861,2004-01-01,4,Canada,0.2,3,2004-09-01
862,2005-01-01,1,Canada,0.0,0,2005-01-01
863,2005-01-01,2,Canada,0.3,1,2005-03-01
864,2005-01-01,3,Canada,0.7,2,2005-06-01
865,2005-01-01,4,Canada,0.7,3,2005-09-01
866,2006-01-01,1,Canada,0.1,0,2006-01-01
867,2006-01-01,2,Canada,0.2,1,2006-03-01
868,2006-01-01,3,Canada,0.5,2,2006-06-01
869,2006-01-01,4,Canada,0.4,3,2006-09-01
870,2007-01-01,1,Canada,0.4,0,2007-01-01
871,2007-01-01,2,Canada,0.3,1,2007-03-01
872,2007-01-01,3,Canada,1.1,2,2007-06-01
873,2007-01-01,4,Canada,0.8,3,2007-09-03
874,2008-01-01,1,Canada,0.5,0,2008-01-01
875,2008-01-01,2,Canada,0.9,1,2008-03-03
876,2008-01-01,3,Canada,0.7,2,2008-06-02
877,2008-01-01,4,Canada,0.2,3,2008-09-01
878,2009-01-01,1,Canada,0.1,0,2009-01-01
879,2009-01-01,2,Canada,0.5,1,2009-03-02
880,2009-01-01,3,Canada,0.2,2,2009-06-01
881,2009-01-01,4,Canada,1.1,3,2009-09-01
882,2010-01-01,1,Canada,1.0,0,2010-01-01
883,2010-01-01,2,Canada,1.6,1,2010-03-01
884,2010-01-01,3,Canada,1.1,2,2010-06-01
885,2010-01-01,4,Canada,1.3,3,2010-09-01
886,2011-01-01,1,Canada,0.8,0,2011-01-01
887,2011-01-01,2,Canada,1.0,1,2011-03-01
888,2011-01-01,3,Canada,0.8,2,2011-06-01
889,2011-01-01,4,Canada,2.9,3,2011-09-01
890,2012-01-01,1,Canada,0.5,0,2012-01-01
891,2012-01-01,2,Canada,0.8,1,2012-03-01
892,2012-01-01,3,Canada,1.1,2,2012-06-01
893,2012-01-01,4,Canada,2.2,3,2012-09-03
894,2013-01-01,1,Canada,1.1,0,2013-01-01
895,2013-01-01,2,Canada,1.6,1,2013-03-01
896,2013-01-01,3,Canada,1.3,2,2013-06-03
897,2013-01-01,4,Canada,1.3,3,2013-09-02
898,2014-01-01,1,Canada,1.4,0,2014-01-01
899,2014-01-01,2,Canada,1.2,1,2014-03-03
900,2014-01-01,3,Canada,2.0,2,2014-06-02
901,2014-01-01,4,Canada,1.6,3,2014-09-01
902,2015-01-01,1,Canada,0.4,0,2015-01-01
903,2015-01-01,2,Canada,1.2,1,2015-03-02
904,2015-01-01,3,Canada,0.6,2,2015-06-01
905,2015-01-01,4,Canada,0.6,3,2015-09-01
906,2016-01-01,1,Canada,0.3,0,2016-01-01
907,2016-01-01,2,Canada,0.5,1,2016-03-01
908,2016-01-01,3,Canada,0.3,2,2016-06-01
909,2016-01-01,4,Canada,0.2,3,2016-09-01
910,2017-01-01,1,Canada,0.5,0,2017-01-01
911,2017-01-01,2,Canada,0.2,1,2017-03-01
912,2017-01-01,3,Canada,0.1,2,2017-06-01
913,2017-01-01,4,Canada,0.8,3,2017-09-01
914,2018-01-01,1,Canada,0.1,0,2018-01-01
915,2018-01-01,2,Canada,0.1,1,2018-03-01
916,2018-01-01,3,Canada,0.3,2,2018-06-01
917,2018-01-01,4,Canada,0.2,3,2018-09-03
918,2019-01-01,1,Canada,0.1,0,2019-01-01
919,2019-01-01,2,Canada,0.3,1,2019-03-01
920,2019-01-01,3,Canada,0.1,2,2019-06-03
921,2019-01-01,4,Canada,0.4,3,2019-09-02
922,2020-01-01,1,Canada,0.0,0,2020-01-01
923,2020-01-01,2,Canada,0.2,1,2020-03-02
924,2004-01-01,2,Belgium,0.0,1,2004-03-01
925,2004-01-01,3,Belgium,0.1,2,2004-06-01
926,2004-01-01,4,Belgium,0.1,3,2004-09-01
927,2005-01-01,1,Belgium,0.0,0,2005-01-01
928,2005-01-01,2,Belgium,0.0,1,2005-03-01
929,2005-01-01,3,Belgium,0.0,2,2005-06-01
930,2005-01-01,4,Belgium,0.2,3,2005-09-01
931,2006-01-01,1,Belgium,0.0,0,2006-01-01
932,2006-01-01,2,Belgium,0.0,1,2006-03-01
933,2006-01-01,3,Belgium,0.0,2,2006-06-01
934,2006-01-01,4,Belgium,0.0,3,2006-09-01
935,2007-01-01,1,Belgium,0.5,0,2007-01-01
936,2007-01-01,2,Belgium,0.5,1,2007-03-01
937,2007-01-01,3,Belgium,0.1,2,2007-06-01
938,2007-01-01,4,Belgium,0.1,3,2007-09-03
939,2008-01-01,1,Belgium,0.2,0,2008-01-01
940,2008-01-01,2,Belgium,0.4,1,2008-03-03
941,2008-01-01,3,Belgium,0.4,2,2008-06-02
942,2008-01-01,4,Belgium,0.4,3,2008-09-01
943,2009-01-01,1,Belgium,0.9,0,2009-01-01
944,2009-01-01,2,Belgium,0.8,1,2009-03-02
945,2009-01-01,3,Belgium,1.7,2,2009-06-01
946,2009-01-01,4,Belgium,1.1,3,2009-09-01
947,2010-01-01,1,Belgium,0.5,0,2010-01-01
948,2010-01-01,2,Belgium,0.7,1,2010-03-01
949,2010-01-01,3,Belgium,0.6,2,2010-06-01
950,2010-01-01,4,Belgium,2.2,3,2010-09-01
951,2011-01-01,1,Belgium,1.0,0,2011-01-01
952,2011-01-01,2,Belgium,1.1,1,2011-03-01
953,2011-01-01,3,Belgium,1.0,2,2011-06-01
954,2011-01-01,4,Belgium,0.9,3,2011-09-01
955,2012-01-01,1,Belgium,0.7,0,2012-01-01
956,2012-01-01,2,Belgium,1.8,1,2012-03-01
957,2012-01-01,3,Belgium,0.7,2,2012-06-01
958,2012-01-01,4,Belgium,0.7,3,2012-09-03
959,2013-01-01,1,Belgium,0.2,0,2013-01-01
960,2013-01-01,2,Belgium,0.2,1,2013-03-01
961,2013-01-01,3,Belgium,0.2,2,2013-06-03
962,2013-01-01,4,Belgium,0.2,3,2013-09-02
963,2014-01-01,1,Belgium,0.1,0,2014-01-01
964,2014-01-01,2,Belgium,0.2,1,2014-03-03
965,2014-01-01,3,Belgium,0.4,2,2014-06-02
966,2014-01-01,4,Belgium,0.1,3,2014-09-01
967,2015-01-01,1,Belgium,0.1,0,2015-01-01
968,2015-01-01,2,Belgium,0.3,1,2015-03-02
969,2015-01-01,3,Belgium,0.1,2,2015-06-01
970,2015-01-01,4,Belgium,0.8,3,2015-09-01
971,2016-01-01,1,Belgium,0.2,0,2016-01-01
972,2016-01-01,2,Belgium,0.2,1,2016-03-01
973,2016-01-01,3,Belgium,0.2,2,2016-06-01
974,2016-01-01,4,Belgium,2.7,3,2016-09-01
975,2017-01-01,1,Belgium,0.2,0,2017-01-01
976,2017-01-01,2,Belgium,0.3,1,2017-03-01
977,2017-01-01,3,Belgium,0.2,2,2017-06-01
978,2017-01-01,4,Belgium,0.1,3,2017-09-01
979,2018-01-01,1,Belgium,0.3,0,2018-01-01
980,2018-01-01,2,Belgium,0.2,1,2018-03-01
981,2018-01-01,3,Belgium,0.2,2,2018-06-01
982,2018-01-01,4,Belgium,2.4,3,2018-09-03
983,2019-01-01,1,Belgium,0.2,0,2019-01-01
984,2019-01-01,2,Belgium,0.2,1,2019-03-01
985,2019-01-01,3,Belgium,0.2,2,2019-06-03
986,2019-01-01,4,Belgium,0.2,3,2019-09-02
987,2020-01-01,1,Belgium,0.1,0,2020-01-01
988,2020-01-01,2,Belgium,0.2,1,2020-03-02
989,2004-01-01,1,Mexico,0.0,0,2004-01-01
990,2004-01-01,2,Mexico,0.0,1,2004-03-01
991,2004-01-01,3,Mexico,0.1,2,2004-06-01
992,2004-01-01,4,Mexico,0.1,3,2004-09-01
993,2005-01-01,1,Mexico,0.0,0,2005-01-01
994,2005-01-01,2,Mexico,0.0,1,2005-03-01
995,2005-01-01,3,Mexico,0.1,2,2005-06-01
996,2005-01-01,4,Mexico,0.0,3,2005-09-01
997,2006-01-01,1,Mexico,0.0,0,2006-01-01
998,2006-01-01,2,Mexico,0.0,1,2006-03-01
999,2006-01-01,3,Mexico,0.0,2,2006-06-01
1000,2006-01-01,4,Mexico,0.1,3,2006-09-01
1001,2007-01-01,1,Mexico,0.0,0,2007-01-01
1002,2007-01-01,2,Mexico,0.0,1,2007-03-01
1003,2007-01-01,3,Mexico,0.0,2,2007-06-01
1004,2007-01-01,4,Mexico,0.1,3,2007-09-03
1005,2008-01-01,1,Mexico,0.0,0,2008-01-01
1006,2008-01-01,2,Mexico,0.6,1,2008-03-03
1007,2008-01-01,3,Mexico,0.0,2,2008-06-02
1008,2008-01-01,4,Mexico,0.2,3,2008-09-01
1009,2009-01-01,1,Mexico,0.1,0,2009-01-01
1010,2009-01-01,2,Mexico,0.1,1,2009-03-02
1011,2009-01-01,3,Mexico,0.1,2,2009-06-01
1012,2009-01-01,4,Mexico,0.1,3,2009-09-01
1013,2010-01-01,1,Mexico,0.1,0,2010-01-01
1014,2010-01-01,2,Mexico,0.3,1,2010-03-01
1015,2010-01-01,3,Mexico,0.3,2,2010-06-01
1016,2010-01-01,4,Mexico,1.7,3,2010-09-01
1017,2011-01-01,1,Mexico,0.0,0,2011-01-01
1018,2011-01-01,2,Mexico,0.1,1,2011-03-01
1019,2011-01-01,3,Mexico,0.2,2,2011-06-01
1020,2011-01-01,4,Mexico,0.1,3,2011-09-01
1021,2012-01-01,1,Mexico,1.0,0,2012-01-01
1022,2012-01-01,2,Mexico,0.2,1,2012-03-01
1023,2012-01-01,3,Mexico,0.2,2,2012-06-01
1024,2012-01-01,4,Mexico,0.2,3,2012-09-03
1025,2013-01-01,1,Mexico,0.5,0,2013-01-01
1026,2013-01-01,2,Mexico,0.8,1,2013-03-01
1027,2013-01-01,3,Mexico,0.2,2,2013-06-03
1028,2013-01-01,4,Mexico,0.4,3,2013-09-02
1029,2014-01-01,1,Mexico,0.1,0,2014-01-01
1030,2014-01-01,2,Mexico,1.1,1,2014-03-03
1031,2014-01-01,3,Mexico,0.7,2,2014-06-02
1032,2014-01-01,4,Mexico,0.4,3,2014-09-01
1033,2015-01-01,1,Mexico,0.2,0,2015-01-01
1034,2015-01-01,2,Mexico,0.5,1,2015-03-02
1035,2015-01-01,3,Mexico,0.3,2,2015-06-01
1036,2015-01-01,4,Mexico,0.6,3,2015-09-01
1037,2016-01-01,1,Mexico,0.1,0,2016-01-01
1038,2016-01-01,2,Mexico,0.5,1,2016-03-01
1039,2016-01-01,3,Mexico,0.1,2,2016-06-01
1040,2016-01-01,4,Mexico,0.1,3,2016-09-01
1041,2017-01-01,1,Mexico,1.4,0,2017-01-01
1042,2017-01-01,2,Mexico,1.2,1,2017-03-01
1043,2017-01-01,3,Mexico,2.6,2,2017-06-01
1044,2017-01-01,4,Mexico,1.0,3,2017-09-01
1045,2018-01-01,1,Mexico,1.1,0,2018-01-01
1046,2018-01-01,2,Mexico,0.8,1,2018-03-01
1047,2018-01-01,3,Mexico,0.7,2,2018-06-01
1048,2018-01-01,4,Mexico,1.2,3,2018-09-03
1049,2019-01-01,1,Mexico,1.2,0,2019-01-01
1050,2019-01-01,2,Mexico,1.0,1,2019-03-01
1051,2019-01-01,3,Mexico,0.5,2,2019-06-03
1052,2019-01-01,4,Mexico,1.5,3,2019-09-02
1053,2020-01-01,1,Mexico,0.6,0,2020-01-01
1054,2020-01-01,2,Mexico,0.1,1,2020-03-02
1055,2004-01-01,1,Sweden,0.0,0,2004-01-01
1056,2004-01-01,2,Sweden,0.1,1,2004-03-01
1057,2004-01-01,3,Sweden,0.0,2,2004-06-01
1058,2004-01-01,4,Sweden,0.3,3,2004-09-01
1059,2005-01-01,1,Sweden,0.5,0,2005-01-01
1060,2005-01-01,2,Sweden,0.0,1,2005-03-01
1061,2005-01-01,3,Sweden,0.0,2,2005-06-01
1062,2005-01-01,4,Sweden,0.0,3,2005-09-01
1063,2006-01-01,1,Sweden,0.0,0,2006-01-01
1064,2006-01-01,2,Sweden,0.1,1,2006-03-01
1065,2006-01-01,3,Sweden,0.0,2,2006-06-01
1066,2006-01-01,4,Sweden,0.2,3,2006-09-01
1067,2007-01-01,1,Sweden,0.0,0,2007-01-01
1068,2007-01-01,2,Sweden,0.3,1,2007-03-01
1069,2007-01-01,3,Sweden,0.0,2,2007-06-01
1070,2007-01-01,4,Sweden,0.5,3,2007-09-03
1071,2008-01-01,1,Sweden,0.5,0,2008-01-01
1072,2008-01-01,2,Sweden,0.2,1,2008-03-03
1073,2008-01-01,3,Sweden,0.1,2,2008-06-02
1074,2008-01-01,4,Sweden,0.3,3,2008-09-01
1075,2009-01-01,1,Sweden,0.2,0,2009-01-01
1076,2009-01-01,2,Sweden,0.5,1,2009-03-02
1077,2009-01-01,3,Sweden,0.2,2,2009-06-01
1078,2009-01-01,4,Sweden,0.1,3,2009-09-01
1079,2010-01-01,1,Sweden,0.2,0,2010-01-01
1080,2010-01-01,2,Sweden,0.3,1,2010-03-01
1081,2010-01-01,3,Sweden,1.1,2,2010-06-01
1082,2010-01-01,4,Sweden,0.4,3,2010-09-01
1083,2011-01-01,1,Sweden,0.5,0,2011-01-01
1084,2011-01-01,2,Sweden,0.7,1,2011-03-01
1085,2011-01-01,3,Sweden,0.5,2,2011-06-01
1086,2011-01-01,4,Sweden,0.8,3,2011-09-01
1087,2012-01-01,1,Sweden,0.7,0,2012-01-01
1088,2012-01-01,2,Sweden,0.4,1,2012-03-01
1089,2012-01-01,3,Sweden,1.3,2,2012-06-01
1090,2012-01-01,4,Sweden,0.3,3,2012-09-03
1091,2013-01-01,1,Sweden,0.1,0,2013-01-01
1092,2013-01-01,2,Sweden,0.6,1,2013-03-01
1093,2013-01-01,3,Sweden,0.4,2,2013-06-03
1094,2013-01-01,4,Sweden,0.2,3,2013-09-02
1095,2014-01-01,1,Sweden,0.1,0,2014-01-01
1096,2014-01-01,2,Sweden,0.7,1,2014-03-03
1097,2014-01-01,3,Sweden,0.3,2,2014-06-02
1098,2014-01-01,4,Sweden,0.3,3,2014-09-01
1099,2015-01-01,1,Sweden,0.4,0,2015-01-01
1100,2015-01-01,2,Sweden,0.1,1,2015-03-02
1101,2015-01-01,3,Sweden,0.1,2,2015-06-01
1102,2015-01-01,4,Sweden,0.1,3,2015-09-01
1103,2016-01-01,1,Sweden,0.4,0,2016-01-01
1104,2016-01-01,2,Sweden,0.3,1,2016-03-01
1105,2016-01-01,3,Sweden,0.1,2,2016-06-01
1106,2016-01-01,4,Sweden,0.1,3,2016-09-01
1107,2017-01-01,1,Sweden,0.1,0,2017-01-01
1108,2017-01-01,2,Sweden,0.5,1,2017-03-01
1109,2017-01-01,3,Sweden,0.0,2,2017-06-01
1110,2017-01-01,4,Sweden,1.3,3,2017-09-01
1111,2018-01-01,1,Sweden,0.4,0,2018-01-01
1112,2018-01-01,2,Sweden,0.2,1,2018-03-01
1113,2018-01-01,3,Sweden,1.7,2,2018-06-01
1114,2018-01-01,4,Sweden,2.0,3,2018-09-03
1115,2019-01-01,1,Sweden,1.3,0,2019-01-01
1116,2019-01-01,2,Sweden,0.2,1,2019-03-01
1117,2019-01-01,3,Sweden,0.5,2,2019-06-03
1118,2019-01-01,4,Sweden,1.6,3,2019-09-02
1119,2020-01-01,1,Sweden,1.0,0,2020-01-01
1120,2020-01-01,2,Sweden,0.2,1,2020-03-02
1121,2004-01-01,1,South Korea,0.0,0,2004-01-01
1122,2004-01-01,2,South Korea,0.1,1,2004-03-01
1123,2004-01-01,3,South Korea,0.0,2,2004-06-01
1124,2004-01-01,4,South Korea,0.0,3,2004-09-01
1125,2005-01-01,2,South Korea,0.2,1,2005-03-01
1126,2005-01-01,3,South Korea,0.0,2,2005-06-01
1127,2005-01-01,4,South Korea,0.0,3,2005-09-01
1128,2006-01-01,1,South Korea,0.0,0,2006-01-01
1129,2006-01-01,2,South Korea,0.0,1,2006-03-01
1130,2006-01-01,3,South Korea,0.1,2,2006-06-01
1131,2006-01-01,4,South Korea,0.2,3,2006-09-01
1132,2007-01-01,1,South Korea,0.2,0,2007-01-01
1133,2007-01-01,2,South Korea,0.4,1,2007-03-01
1134,2007-01-01,3,South Korea,0.5,2,2007-06-01
1135,2007-01-01,4,South Korea,0.3,3,2007-09-03
1136,2008-01-01,1,South Korea,0.7,0,2008-01-01
1137,2008-01-01,2,South Korea,0.5,1,2008-03-03
1138,2008-01-01,3,South Korea,0.8,2,2008-06-02
1139,2008-01-01,4,South Korea,0.2,3,2008-09-01
1140,2009-01-01,1,South Korea,0.0,0,2009-01-01
1141,2009-01-01,2,South Korea,0.2,1,2009-03-02
1142,2009-01-01,3,South Korea,0.1,2,2009-06-01
1143,2009-01-01,4,South Korea,0.1,3,2009-09-01
1144,2010-01-01,1,South Korea,0.1,0,2010-01-01
1145,2010-01-01,2,South Korea,0.3,1,2010-03-01
1146,2010-01-01,3,South Korea,0.1,2,2010-06-01
1147,2010-01-01,4,South Korea,0.3,3,2010-09-01
1148,2011-01-01,1,South Korea,0.0,0,2011-01-01
1149,2011-01-01,2,South Korea,0.2,1,2011-03-01
1150,2011-01-01,3,South Korea,0.1,2,2011-06-01
1151,2011-01-01,4,South Korea,0.2,3,2011-09-01
1152,2012-01-01,1,South Korea,0.2,0,2012-01-01
1153,2012-01-01,2,South Korea,0.3,1,2012-03-01
1154,2012-01-01,3,South Korea,0.7,2,2012-06-01
1155,2012-01-01,4,South Korea,0.2,3,2012-09-03
1156,2013-01-01,1,South Korea,0.6,0,2013-01-01
1157,2013-01-01,2,South Korea,0.5,1,2013-03-01
1158,2013-01-01,3,South Korea,0.2,2,2013-06-03
1159,2013-01-01,4,South Korea,0.2,3,2013-09-02
1160,2014-01-01,1,South Korea,0.3,0,2014-01-01
1161,2014-01-01,2,South Korea,0.8,1,2014-03-03
1162,2014-01-01,3,South Korea,0.3,2,2014-06-02
1163,2014-01-01,4,South Korea,0.5,3,2014-09-01
1164,2015-01-01,1,South Korea,0.2,0,2015-01-01
1165,2015-01-01,2,South Korea,0.2,1,2015-03-02
1166,2015-01-01,3,South Korea,0.2,2,2015-06-01
1167,2015-01-01,4,South Korea,0.1,3,2015-09-01
1168,2016-01-01,1,South Korea,0.4,0,2016-01-01
1169,2016-01-01,2,South Korea,0.6,1,2016-03-01
1170,2016-01-01,3,South Korea,0.2,2,2016-06-01
1171,2016-01-01,4,South Korea,0.9,3,2016-09-01
1172,2017-01-01,1,South Korea,0.3,0,2017-01-01
1173,2017-01-01,2,South Korea,0.3,1,2017-03-01
1174,2017-01-01,3,South Korea,0.6,2,2017-06-01
1175,2017-01-01,4,South Korea,0.8,3,2017-09-01
1176,2018-01-01,1,South Korea,0.6,0,2018-01-01
1177,2018-01-01,2,South Korea,0.7,1,2018-03-01
1178,2018-01-01,3,South Korea,0.7,2,2018-06-01
1179,2018-01-01,4,South Korea,0.2,3,2018-09-03
1180,2019-01-01,1,South Korea,0.2,0,2019-01-01
1181,2019-01-01,2,South Korea,0.2,1,2019-03-01
1182,2019-01-01,3,South Korea,0.9,2,2019-06-03
1183,2019-01-01,4,South Korea,0.9,3,2019-09-02
1184,2020-01-01,1,South Korea,0.5,0,2020-01-01
1185,2020-01-01,2,South Korea,1.2,1,2020-03-02
1186,2004-01-01,2,Chile,0.0,1,2004-03-01
1187,2005-01-01,2,Chile,0.0,1,2005-03-01
1188,2006-01-01,2,Chile,0.2,1,2006-03-01
1189,2006-01-01,3,Chile,0.0,2,2006-06-01
1190,2006-01-01,4,Chile,0.0,3,2006-09-01
1191,2007-01-01,2,Chile,0.0,1,2007-03-01
1192,2007-01-01,3,Chile,0.0,2,2007-06-01
1193,2007-01-01,4,Chile,0.0,3,2007-09-03
1194,2008-01-01,1,Chile,0.0,0,2008-01-01
1195,2008-01-01,2,Chile,0.0,1,2008-03-03
1196,2008-01-01,3,Chile,0.1,2,2008-06-02
1197,2008-01-01,4,Chile,0.3,3,2008-09-01
1198,2009-01-01,1,Chile,0.2,0,2009-01-01
1199,2009-01-01,3,Chile,0.1,2,2009-06-01
1200,2009-01-01,4,Chile,0.1,3,2009-09-01
1201,2010-01-01,1,Chile,0.0,0,2010-01-01
1202,2010-01-01,2,Chile,0.2,1,2010-03-01
1203,2010-01-01,3,Chile,0.0,2,2010-06-01
1204,2010-01-01,4,Chile,0.3,3,2010-09-01
1205,2011-01-01,1,Chile,0.1,0,2011-01-01
1206,2011-01-01,2,Chile,0.0,1,2011-03-01
1207,2011-01-01,3,Chile,0.2,2,2011-06-01
1208,2011-01-01,4,Chile,0.1,3,2011-09-01
1209,2012-01-01,1,Chile,0.0,0,2012-01-01
1210,2012-01-01,2,Chile,0.5,1,2012-03-01
1211,2012-01-01,3,Chile,0.1,2,2012-06-01
1212,2012-01-01,4,Chile,0.4,3,2012-09-03
1213,2013-01-01,1,Chile,0.2,0,2013-01-01
1214,2013-01-01,2,Chile,0.3,1,2013-03-01
1215,2013-01-01,3,Chile,0.7,2,2013-06-03
1216,2013-01-01,4,Chile,0.3,3,2013-09-02
1217,2014-01-01,1,Chile,0.1,0,2014-01-01
1218,2014-01-01,2,Chile,1.0,1,2014-03-03
1219,2014-01-01,3,Chile,0.2,2,2014-06-02
1220,2014-01-01,4,Chile,0.2,3,2014-09-01
1221,2015-01-01,1,Chile,0.8,0,2015-01-01
1222,2015-01-01,2,Chile,1.0,1,2015-03-02
1223,2015-01-01,3,Chile,1.4,2,2015-06-01
1224,2015-01-01,4,Chile,0.6,3,2015-09-01
1225,2016-01-01,1,Chile,0.0,0,2016-01-01
1226,2016-01-01,2,Chile,0.1,1,2016-03-01
1227,2016-01-01,3,Chile,0.7,2,2016-06-01
1228,2016-01-01,4,Chile,0.3,3,2016-09-01
1229,2017-01-01,1,Chile,0.2,0,2017-01-01
1230,2017-01-01,2,Chile,0.2,1,2017-03-01
1231,2017-01-01,3,Chile,0.9,2,2017-06-01
1232,2017-01-01,4,Chile,0.6,3,2017-09-01
1233,2018-01-01,1,Chile,0.1,0,2018-01-01
1234,2018-01-01,2,Chile,1.0,1,2018-03-01
1235,2018-01-01,3,Chile,0.1,2,2018-06-01
1236,2018-01-01,4,Chile,0.0,3,2018-09-03
1237,2019-01-01,1,Chile,0.6,0,2019-01-01
1238,2019-01-01,2,Chile,0.7,1,2019-03-01
1239,2019-01-01,3,Chile,0.7,2,2019-06-03
1240,2019-01-01,4,Chile,2.9,3,2019-09-02
1241,2020-01-01,1,Chile,0.3,0,2020-01-01
1242,2020-01-01,2,Chile,0.8,1,2020-03-02
1243,2004-01-01,1,Taiwan,0.0,0,2004-01-01
1244,2004-01-01,2,Taiwan,0.0,1,2004-03-01
1245,2004-01-01,3,Taiwan,0.0,2,2004-06-01
1246,2004-01-01,4,Taiwan,0.1,3,2004-09-01
1247,2005-01-01,1,Taiwan,0.1,0,2005-01-01
1248,2005-01-01,2,Taiwan,0.1,1,2005-03-01
1249,2005-01-01,3,Taiwan,0.0,2,2005-06-01
1250,2005-01-01,4,Taiwan,0.1,3,2005-09-01
1251,2006-01-01,1,Taiwan,0.0,0,2006-01-01
1252,2006-01-01,2,Taiwan,0.1,1,2006-03-01
1253,2006-01-01,3,Taiwan,0.1,2,2006-06-01
1254,2006-01-01,4,Taiwan,0.0,3,2006-09-01
1255,2007-01-01,1,Taiwan,0.0,0,2007-01-01
1256,2007-01-01,2,Taiwan,0.0,1,2007-03-01
1257,2007-01-01,3,Taiwan,0.0,2,2007-06-01
1258,2007-01-01,4,Taiwan,0.1,3,2007-09-03
1259,2008-01-01,1,Taiwan,0.0,0,2008-01-01
1260,2008-01-01,2,Taiwan,0.0,1,2008-03-03
1261,2008-01-01,3,Taiwan,0.1,2,2008-06-02
1262,2008-01-01,4,Taiwan,0.1,3,2008-09-01
1263,2009-01-01,1,Taiwan,0.0,0,2009-01-01
1264,2009-01-01,2,Taiwan,0.0,1,2009-03-02
1265,2009-01-01,3,Taiwan,0.1,2,2009-06-01
1266,2009-01-01,4,Taiwan,0.0,3,2009-09-01
1267,2010-01-01,1,Taiwan,0.0,0,2010-01-01
1268,2010-01-01,2,Taiwan,0.1,1,2010-03-01
1269,2010-01-01,3,Taiwan,0.1,2,2010-06-01
1270,2010-01-01,4,Taiwan,0.0,3,2010-09-01
1271,2011-01-01,1,Taiwan,0.1,0,2011-01-01
1272,2011-01-01,2,Taiwan,0.0,1,2011-03-01
1273,2011-01-01,3,Taiwan,0.1,2,2011-06-01
1274,2011-01-01,4,Taiwan,0.2,3,2011-09-01
1275,2012-01-01,1,Taiwan,0.1,0,2012-01-01
1276,2012-01-01,2,Taiwan,0.1,1,2012-03-01
1277,2012-01-01,3,Taiwan,0.2,2,2012-06-01
1278,2012-01-01,4,Taiwan,0.1,3,2012-09-03
1279,2013-01-01,1,Taiwan,0.0,0,2013-01-01
1280,2013-01-01,2,Taiwan,0.1,1,2013-03-01
1281,2013-01-01,3,Taiwan,0.0,2,2013-06-03
1282,2013-01-01,4,Taiwan,0.0,3,2013-09-02
1283,2014-01-01,1,Taiwan,0.1,0,2014-01-01
1284,2014-01-01,2,Taiwan,0.1,1,2014-03-03
1285,2014-01-01,3,Taiwan,0.1,2,2014-06-02
1286,2014-01-01,4,Taiwan,0.1,3,2014-09-01
1287,2015-01-01,1,Taiwan,0.1,0,2015-01-01
1288,2015-01-01,2,Taiwan,0.1,1,2015-03-02
1289,2015-01-01,3,Taiwan,0.1,2,2015-06-01
1290,2015-01-01,4,Taiwan,0.1,3,2015-09-01
1291,2016-01-01,1,Taiwan,0.1,0,2016-01-01
1292,2016-01-01,2,Taiwan,0.2,1,2016-03-01
1293,2016-01-01,3,Taiwan,0.1,2,2016-06-01
1294,2016-01-01,4,Taiwan,0.1,3,2016-09-01
1295,2017-01-01,1,Taiwan,0.1,0,2017-01-01
1296,2017-01-01,2,Taiwan,0.1,1,2017-03-01
1297,2017-01-01,3,Taiwan,0.2,2,2017-06-01
1298,2017-01-01,4,Taiwan,0.2,3,2017-09-01
1299,2018-01-01,1,Taiwan,0.4,0,2018-01-01
1300,2018-01-01,2,Taiwan,0.9,1,2018-03-01
1301,2018-01-01,3,Taiwan,0.2,2,2018-06-01
1302,2018-01-01,4,Taiwan,0.2,3,2018-09-03
1303,2019-01-01,1,Taiwan,0.3,0,2019-01-01
1304,2019-01-01,2,Taiwan,6.1,1,2019-03-01
1305,2019-01-01,3,Taiwan,0.3,2,2019-06-03
1306,2019-01-01,4,Taiwan,2.6,3,2019-09-02
1307,2020-01-01,1,Taiwan,4.5,0,2020-01-01
1308,2020-01-01,2,Taiwan,0.5,1,2020-03-02
1309,2004-01-01,1,Thailand,0.2,0,2004-01-01
1310,2004-01-01,2,Thailand,0.0,1,2004-03-01
1311,2004-01-01,3,Thailand,0.0,2,2004-06-01
1312,2005-01-01,1,Thailand,0.3,0,2005-01-01
1313,2005-01-01,2,Thailand,0.3,1,2005-03-01
1314,2005-01-01,3,Thailand,0.0,2,2005-06-01
1315,2005-01-01,4,Thailand,0.3,3,2005-09-01
1316,2006-01-01,1,Thailand,0.0,0,2006-01-01
1317,2006-01-01,2,Thailand,0.1,1,2006-03-01
1318,2006-01-01,3,Thailand,0.2,2,2006-06-01
1319,2006-01-01,4,Thailand,0.2,3,2006-09-01
1320,2007-01-01,1,Thailand,0.7,0,2007-01-01
1321,2007-01-01,2,Thailand,0.2,1,2007-03-01
1322,2007-01-01,3,Thailand,0.1,2,2007-06-01
1323,2007-01-01,4,Thailand,0.5,3,2007-09-03
1324,2008-01-01,1,Thailand,0.3,0,2008-01-01
1325,2008-01-01,2,Thailand,0.1,1,2008-03-03
1326,2008-01-01,3,Thailand,0.3,2,2008-06-02
1327,2008-01-01,4,Thailand,0.2,3,2008-09-01
1328,2009-01-01,1,Thailand,0.1,0,2009-01-01
1329,2009-01-01,2,Thailand,0.1,1,2009-03-02
1330,2009-01-01,3,Thailand,0.0,2,2009-06-01
1331,2009-01-01,4,Thailand,0.2,3,2009-09-01
1332,2010-01-01,2,Thailand,0.7,1,2010-03-01
1333,2010-01-01,3,Thailand,0.3,2,2010-06-01
1334,2010-01-01,4,Thailand,0.3,3,2010-09-01
1335,2011-01-01,1,Thailand,0.3,0,2011-01-01
1336,2011-01-01,2,Thailand,0.5,1,2011-03-01
1337,2011-01-01,3,Thailand,0.4,2,2011-06-01
1338,2011-01-01,4,Thailand,0.4,3,2011-09-01
1339,2012-01-01,1,Thailand,0.3,0,2012-01-01
1340,2012-01-01,2,Thailand,0.4,1,2012-03-01
1341,2012-01-01,3,Thailand,0.4,2,2012-06-01
1342,2012-01-01,4,Thailand,0.3,3,2012-09-03
1343,2013-01-01,1,Thailand,0.3,0,2013-01-01
1344,2013-01-01,2,Thailand,0.6,1,2013-03-01
1345,2013-01-01,3,Thailand,0.6,2,2013-06-03
1346,2013-01-01,4,Thailand,0.1,3,2013-09-02
1347,2014-01-01,1,Thailand,0.3,0,2014-01-01
1348,2014-01-01,2,Thailand,0.1,1,2014-03-03
1349,2014-01-01,3,Thailand,0.4,2,2014-06-02
1350,2014-01-01,4,Thailand,0.1,3,2014-09-01
1351,2015-01-01,1,Thailand,0.3,0,2015-01-01
1352,2015-01-01,2,Thailand,0.6,1,2015-03-02
1353,2015-01-01,3,Thailand,0.6,2,2015-06-01
1354,2015-01-01,4,Thailand,1.0,3,2015-09-01
1355,2016-01-01,1,Thailand,0.8,0,2016-01-01
1356,2016-01-01,2,Thailand,1.0,1,2016-03-01
1357,2016-01-01,3,Thailand,0.4,2,2016-06-01
1358,2016-01-01,4,Thailand,0.2,3,2016-09-01
1359,2017-01-01,1,Thailand,0.3,0,2017-01-01
1360,2017-01-01,2,Thailand,0.0,1,2017-03-01
1361,2017-01-01,3,Thailand,0.2,2,2017-06-01
1362,2017-01-01,4,Thailand,1.2,3,2017-09-01
1363,2018-01-01,1,Thailand,0.1,0,2018-01-01
1364,2018-01-01,2,Thailand,0.1,1,2018-03-01
1365,2018-01-01,3,Thailand,0.1,2,2018-06-01
1366,2018-01-01,4,Thailand,0.0,3,2018-09-03
1367,2019-01-01,1,Thailand,0.1,0,2019-01-01
1368,2019-01-01,2,Thailand,0.0,1,2019-03-01
1369,2019-01-01,3,Thailand,0.1,2,2019-06-03
1370,2019-01-01,4,Thailand,0.0,3,2019-09-02
1371,2020-01-01,1,Thailand,0.1,0,2020-01-01
1372,2020-01-01,2,Thailand,0.1,1,2020-03-02
1373,2004-01-01,1,Denmark,0.0,0,2004-01-01
1374,2004-01-01,2,Denmark,0.0,1,2004-03-01
1375,2004-01-01,3,Denmark,0.1,2,2004-06-01
1376,2004-01-01,4,Denmark,0.0,3,2004-09-01
1377,2005-01-01,1,Denmark,0.0,0,2005-01-01
1378,2005-01-01,2,Denmark,0.0,1,2005-03-01
1379,2005-01-01,3,Denmark,0.0,2,2005-06-01
1380,2005-01-01,4,Denmark,0.1,3,2005-09-01
1381,2006-01-01,1,Denmark,0.0,0,2006-01-01
1382,2006-01-01,2,Denmark,0.0,1,2006-03-01
1383,2006-01-01,3,Denmark,0.0,2,2006-06-01
1384,2006-01-01,4,Denmark,0.0,3,2006-09-01
1385,2007-01-01,1,Denmark,0.0,0,2007-01-01
1386,2007-01-01,2,Denmark,0.0,1,2007-03-01
1387,2007-01-01,3,Denmark,0.0,2,2007-06-01
1388,2007-01-01,4,Denmark,0.0,3,2007-09-03
1389,2008-01-01,1,Denmark,0.0,0,2008-01-01
1390,2008-01-01,2,Denmark,0.2,1,2008-03-03
1391,2008-01-01,3,Denmark,0.9,2,2008-06-02
1392,2008-01-01,4,Denmark,0.9,3,2008-09-01
1393,2009-01-01,1,Denmark,0.1,0,2009-01-01
1394,2009-01-01,2,Denmark,0.1,1,2009-03-02
1395,2009-01-01,3,Denmark,0.0,2,2009-06-01
1396,2009-01-01,4,Denmark,0.0,3,2009-09-01
1397,2010-01-01,1,Denmark,0.1,0,2010-01-01
1398,2010-01-01,2,Denmark,0.1,1,2010-03-01
1399,2010-01-01,3,Denmark,0.0,2,2010-06-01
1400,2010-01-01,4,Denmark,0.0,3,2010-09-01
1401,2011-01-01,1,Denmark,0.4,0,2011-01-01
1402,2011-01-01,2,Denmark,0.3,1,2011-03-01
1403,2011-01-01,3,Denmark,1.9,2,2011-06-01
1404,2011-01-01,4,Denmark,0.1,3,2011-09-01
1405,2012-01-01,1,Denmark,0.4,0,2012-01-01
1406,2012-01-01,2,Denmark,0.7,1,2012-03-01
1407,2012-01-01,3,Denmark,0.4,2,2012-06-01
1408,2012-01-01,4,Denmark,0.4,3,2012-09-03
1409,2013-01-01,1,Denmark,0.8,0,2013-01-01
1410,2013-01-01,2,Denmark,0.5,1,2013-03-01
1411,2013-01-01,3,Denmark,0.1,2,2013-06-03
1412,2013-01-01,4,Denmark,0.2,3,2013-09-02
1413,2014-01-01,1,Denmark,0.1,0,2014-01-01
1414,2014-01-01,2,Denmark,0.1,1,2014-03-03
1415,2014-01-01,3,Denmark,0.5,2,2014-06-02
1416,2014-01-01,4,Denmark,0.3,3,2014-09-01
1417,2015-01-01,1,Denmark,0.2,0,2015-01-01
1418,2015-01-01,2,Denmark,0.3,1,2015-03-02
1419,2015-01-01,3,Denmark,0.2,2,2015-06-01
1420,2015-01-01,4,Denmark,0.1,3,2015-09-01
1421,2016-01-01,1,Denmark,0.1,0,2016-01-01
1422,2016-01-01,2,Denmark,1.9,1,2016-03-01
1423,2016-01-01,3,Denmark,0.2,2,2016-06-01
1424,2016-01-01,4,Denmark,0.1,3,2016-09-01
1425,2017-01-01,1,Denmark,0.1,0,2017-01-01
1426,2017-01-01,2,Denmark,0.5,1,2017-03-01
1427,2017-01-01,3,Denmark,0.5,2,2017-06-01
1428,2017-01-01,4,Denmark,0.0,3,2017-09-01
1429,2018-01-01,1,Denmark,0.0,0,2018-01-01
1430,2018-01-01,2,Denmark,0.1,1,2018-03-01
1431,2018-01-01,3,Denmark,0.0,2,2018-06-01
1432,2018-01-01,4,Denmark,1.6,3,2018-09-03
1433,2019-01-01,1,Denmark,0.0,0,2019-01-01
1434,2019-01-01,2,Denmark,0.2,1,2019-03-01
1435,2019-01-01,3,Denmark,0.0,2,2019-06-03
1436,2019-01-01,4,Denmark,0.1,3,2019-09-02
1437,2020-01-01,1,Denmark,0.1,0,2020-01-01
1438,2020-01-01,2,Denmark,0.0,1,2020-03-02
1439,2004-01-01,1,Poland,0.0,0,2004-01-01
1440,2004-01-01,2,Poland,0.0,1,2004-03-01
1441,2004-01-01,4,Poland,0.1,3,2004-09-01
1442,2005-01-01,1,Poland,0.1,0,2005-01-01
1443,2006-01-01,1,Poland,0.1,0,2006-01-01
1444,2006-01-01,2,Poland,0.1,1,2006-03-01
1445,2006-01-01,3,Poland,0.0,2,2006-06-01
1446,2006-01-01,4,Poland,0.2,3,2006-09-01
1447,2007-01-01,1,Poland,0.1,0,2007-01-01
1448,2007-01-01,2,Poland,0.1,1,2007-03-01
1449,2007-01-01,3,Poland,0.1,2,2007-06-01
1450,2007-01-01,4,Poland,0.1,3,2007-09-03
1451,2008-01-01,1,Poland,0.2,0,2008-01-01
1452,2008-01-01,2,Poland,0.7,1,2008-03-03
1453,2008-01-01,3,Poland,0.3,2,2008-06-02
1454,2008-01-01,4,Poland,0.3,3,2008-09-01
1455,2009-01-01,1,Poland,0.0,0,2009-01-01
1456,2009-01-01,2,Poland,0.3,1,2009-03-02
1457,2009-01-01,3,Poland,0.1,2,2009-06-01
1458,2009-01-01,4,Poland,0.1,3,2009-09-01
1459,2010-01-01,1,Poland,0.6,0,2010-01-01
1460,2010-01-01,2,Poland,0.8,1,2010-03-01
1461,2010-01-01,3,Poland,0.1,2,2010-06-01
1462,2010-01-01,4,Poland,0.3,3,2010-09-01
1463,2011-01-01,1,Poland,0.8,0,2011-01-01
1464,2011-01-01,2,Poland,0.6,1,2011-03-01
1465,2011-01-01,3,Poland,0.1,2,2011-06-01
1466,2011-01-01,4,Poland,0.6,3,2011-09-01
1467,2012-01-01,1,Poland,0.4,0,2012-01-01
1468,2012-01-01,2,Poland,0.5,1,2012-03-01
1469,2012-01-01,3,Poland,0.5,2,2012-06-01
1470,2012-01-01,4,Poland,0.3,3,2012-09-03
1471,2013-01-01,1,Poland,0.1,0,2013-01-01
1472,2013-01-01,2,Poland,0.1,1,2013-03-01
1473,2013-01-01,3,Poland,0.4,2,2013-06-03
1474,2013-01-01,4,Poland,0.1,3,2013-09-02
1475,2014-01-01,1,Poland,0.1,0,2014-01-01
1476,2014-01-01,2,Poland,0.5,1,2014-03-03
1477,2014-01-01,3,Poland,0.5,2,2014-06-02
1478,2014-01-01,4,Poland,0.2,3,2014-09-01
1479,2015-01-01,1,Poland,0.7,0,2015-01-01
1480,2015-01-01,2,Poland,0.8,1,2015-03-02
1481,2015-01-01,3,Poland,0.1,2,2015-06-01
1482,2015-01-01,4,Poland,0.1,3,2015-09-01
1483,2016-01-01,1,Poland,0.1,0,2016-01-01
1484,2016-01-01,2,Poland,0.0,1,2016-03-01
1485,2016-01-01,3,Poland,0.0,2,2016-06-01
1486,2016-01-01,4,Poland,0.0,3,2016-09-01
1487,2017-01-01,1,Poland,0.0,0,2017-01-01
1488,2017-01-01,2,Poland,0.0,1,2017-03-01
1489,2017-01-01,3,Poland,0.1,2,2017-06-01
1490,2017-01-01,4,Poland,0.0,3,2017-09-01
1491,2018-01-01,1,Poland,0.1,0,2018-01-01
1492,2018-01-01,2,Poland,0.2,1,2018-03-01
1493,2018-01-01,3,Poland,0.1,2,2018-06-01
1494,2018-01-01,4,Poland,0.2,3,2018-09-03
1495,2019-01-01,1,Poland,0.3,0,2019-01-01
1496,2019-01-01,2,Poland,0.7,1,2019-03-01
1497,2019-01-01,3,Poland,0.6,2,2019-06-03
1498,2019-01-01,4,Poland,0.6,3,2019-09-02
1499,2020-01-01,1,Poland,0.5,0,2020-01-01
1500,2020-01-01,2,Poland,0.6,1,2020-03-02
1501,2004-01-01,1,Greece,0.0,0,2004-01-01
1502,2004-01-01,2,Greece,0.0,1,2004-03-01
1503,2004-01-01,3,Greece,0.0,2,2004-06-01
1504,2004-01-01,4,Greece,0.1,3,2004-09-01
1505,2005-01-01,1,Greece,0.0,0,2005-01-01
1506,2005-01-01,2,Greece,0.2,1,2005-03-01
1507,2005-01-01,3,Greece,0.1,2,2005-06-01
1508,2005-01-01,4,Greece,0.1,3,2005-09-01
1509,2006-01-01,1,Greece,0.3,0,2006-01-01
1510,2006-01-01,2,Greece,0.1,1,2006-03-01
1511,2006-01-01,3,Greece,0.1,2,2006-06-01
1512,2006-01-01,4,Greece,0.3,3,2006-09-01
1513,2007-01-01,1,Greece,0.0,0,2007-01-01
1514,2007-01-01,2,Greece,0.2,1,2007-03-01
1515,2007-01-01,3,Greece,0.4,2,2007-06-01
1516,2007-01-01,4,Greece,0.2,3,2007-09-03
1517,2008-01-01,1,Greece,0.0,0,2008-01-01
1518,2008-01-01,2,Greece,0.1,1,2008-03-03
1519,2008-01-01,3,Greece,0.0,2,2008-06-02
1520,2008-01-01,4,Greece,0.4,3,2008-09-01
1521,2009-01-01,1,Greece,0.1,0,2009-01-01
1522,2009-01-01,2,Greece,0.3,1,2009-03-02
1523,2009-01-01,3,Greece,0.1,2,2009-06-01
1524,2009-01-01,4,Greece,0.2,3,2009-09-01
1525,2010-01-01,1,Greece,0.3,0,2010-01-01
1526,2010-01-01,2,Greece,0.2,1,2010-03-01
1527,2010-01-01,3,Greece,0.3,2,2010-06-01
1528,2010-01-01,4,Greece,0.3,3,2010-09-01
1529,2011-01-01,1,Greece,0.5,0,2011-01-01
1530,2011-01-01,2,Greece,0.4,1,2011-03-01
1531,2011-01-01,3,Greece,0.4,2,2011-06-01
1532,2011-01-01,4,Greece,0.3,3,2011-09-01
1533,2012-01-01,1,Greece,0.6,0,2012-01-01
1534,2012-01-01,2,Greece,0.7,1,2012-03-01
1535,2012-01-01,3,Greece,0.8,2,2012-06-01
1536,2012-01-01,4,Greece,1.0,3,2012-09-03
1537,2013-01-01,1,Greece,0.7,0,2013-01-01
1538,2013-01-01,2,Greece,0.7,1,2013-03-01
1539,2013-01-01,3,Greece,0.8,2,2013-06-03
1540,2013-01-01,4,Greece,0.6,3,2013-09-02
1541,2014-01-01,1,Greece,0.0,0,2014-01-01
1542,2014-01-01,2,Greece,0.0,1,2014-03-03
1543,2014-01-01,3,Greece,0.0,2,2014-06-02
1544,2014-01-01,4,Greece,0.1,3,2014-09-01
1545,2015-01-01,1,Greece,0.2,0,2015-01-01
1546,2015-01-01,2,Greece,0.1,1,2015-03-02
1547,2015-01-01,3,Greece,0.0,2,2015-06-01
1548,2015-01-01,4,Greece,0.2,3,2015-09-01
1549,2016-01-01,1,Greece,0.0,0,2016-01-01
1550,2016-01-01,2,Greece,0.1,1,2016-03-01
1551,2016-01-01,3,Greece,0.0,2,2016-06-01
1552,2016-01-01,4,Greece,0.2,3,2016-09-01
1553,2017-01-01,1,Greece,0.1,0,2017-01-01
1554,2017-01-01,2,Greece,0.6,1,2017-03-01
1555,2017-01-01,3,Greece,0.1,2,2017-06-01
1556,2017-01-01,4,Greece,0.2,3,2017-09-01
1557,2018-01-01,1,Greece,0.1,0,2018-01-01
1558,2018-01-01,2,Greece,0.1,1,2018-03-01
1559,2018-01-01,3,Greece,0.4,2,2018-06-01
1560,2018-01-01,4,Greece,0.0,3,2018-09-03
1561,2019-01-01,1,Greece,0.4,0,2019-01-01
1562,2019-01-01,2,Greece,0.2,1,2019-03-01
1563,2019-01-01,3,Greece,0.2,2,2019-06-03
1564,2019-01-01,4,Greece,0.3,3,2019-09-02
1565,2020-01-01,1,Greece,0.0,0,2020-01-01
1566,2020-01-01,2,Greece,0.0,1,2020-03-02
1567,2004-01-01,1,Vietnam,0.0,0,2004-01-01
1568,2004-01-01,3,Vietnam,0.0,2,2004-06-01
1569,2004-01-01,4,Vietnam,0.0,3,2004-09-01
1570,2005-01-01,1,Vietnam,0.0,0,2005-01-01
1571,2005-01-01,2,Vietnam,0.1,1,2005-03-01
1572,2005-01-01,4,Vietnam,0.0,3,2005-09-01
1573,2006-01-01,1,Vietnam,0.0,0,2006-01-01
1574,2006-01-01,2,Vietnam,0.1,1,2006-03-01
1575,2006-01-01,3,Vietnam,0.0,2,2006-06-01
1576,2006-01-01,4,Vietnam,0.2,3,2006-09-01
1577,2007-01-01,1,Vietnam,0.1,0,2007-01-01
1578,2007-01-01,2,Vietnam,0.0,1,2007-03-01
1579,2007-01-01,3,Vietnam,0.1,2,2007-06-01
1580,2007-01-01,4,Vietnam,0.2,3,2007-09-03
1581,2008-01-01,1,Vietnam,0.3,0,2008-01-01
1582,2008-01-01,2,Vietnam,0.3,1,2008-03-03
1583,2008-01-01,3,Vietnam,0.1,2,2008-06-02
1584,2008-01-01,4,Vietnam,0.2,3,2008-09-01
1585,2009-01-01,1,Vietnam,0.1,0,2009-01-01
1586,2009-01-01,2,Vietnam,0.2,1,2009-03-02
1587,2009-01-01,3,Vietnam,0.3,2,2009-06-01
1588,2009-01-01,4,Vietnam,0.1,3,2009-09-01
1589,2010-01-01,1,Vietnam,0.1,0,2010-01-01
1590,2010-01-01,2,Vietnam,0.0,1,2010-03-01
1591,2010-01-01,3,Vietnam,0.4,2,2010-06-01
1592,2010-01-01,4,Vietnam,0.1,3,2010-09-01
1593,2011-01-01,1,Vietnam,0.1,0,2011-01-01
1594,2011-01-01,2,Vietnam,0.0,1,2011-03-01
1595,2011-01-01,3,Vietnam,0.1,2,2011-06-01
1596,2011-01-01,4,Vietnam,0.0,3,2011-09-01
1597,2012-01-01,1,Vietnam,0.0,0,2012-01-01
1598,2012-01-01,2,Vietnam,0.1,1,2012-03-01
1599,2012-01-01,3,Vietnam,0.1,2,2012-06-01
1600,2012-01-01,4,Vietnam,0.1,3,2012-09-03
1601,2013-01-01,1,Vietnam,0.0,0,2013-01-01
1602,2013-01-01,2,Vietnam,0.0,1,2013-03-01
1603,2013-01-01,3,Vietnam,0.0,2,2013-06-03
1604,2013-01-01,4,Vietnam,0.2,3,2013-09-02
1605,2014-01-01,1,Vietnam,0.0,0,2014-01-01
1606,2014-01-01,2,Vietnam,0.1,1,2014-03-03
1607,2014-01-01,3,Vietnam,0.0,2,2014-06-02
1608,2014-01-01,4,Vietnam,0.0,3,2014-09-01
1609,2015-01-01,1,Vietnam,0.0,0,2015-01-01
1610,2015-01-01,2,Vietnam,0.0,1,2015-03-02
1611,2015-01-01,3,Vietnam,0.1,2,2015-06-01
1612,2015-01-01,4,Vietnam,0.1,3,2015-09-01
1613,2016-01-01,1,Vietnam,0.0,0,2016-01-01
1614,2016-01-01,2,Vietnam,0.1,1,2016-03-01
1615,2016-01-01,3,Vietnam,0.4,2,2016-06-01
1616,2016-01-01,4,Vietnam,0.0,3,2016-09-01
1617,2017-01-01,1,Vietnam,0.1,0,2017-01-01
1618,2017-01-01,2,Vietnam,0.2,1,2017-03-01
1619,2017-01-01,3,Vietnam,0.1,2,2017-06-01
1620,2017-01-01,4,Vietnam,0.2,3,2017-09-01
1621,2018-01-01,1,Vietnam,0.6,0,2018-01-01
1622,2018-01-01,2,Vietnam,1.0,1,2018-03-01
1623,2018-01-01,3,Vietnam,1.6,2,2018-06-01
1624,2018-01-01,4,Vietnam,2.8,3,2018-09-03
1625,2019-01-01,1,Vietnam,0.8,0,2019-01-01
1626,2019-01-01,2,Vietnam,0.8,1,2019-03-01
1627,2019-01-01,3,Vietnam,1.0,2,2019-06-03
1628,2019-01-01,4,Vietnam,0.5,3,2019-09-02
1629,2020-01-01,1,Vietnam,0.5,0,2020-01-01
1630,2020-01-01,2,Vietnam,0.6,1,2020-03-02
1631,2004-01-01,1,Portugal,0.2,0,2004-01-01
1632,2004-01-01,2,Portugal,0.3,1,2004-03-01
1633,2004-01-01,3,Portugal,0.5,2,2004-06-01
1634,2004-01-01,4,Portugal,0.3,3,2004-09-01
1635,2005-01-01,1,Portugal,0.1,0,2005-01-01
1636,2005-01-01,2,Portugal,0.9,1,2005-03-01
1637,2005-01-01,3,Portugal,0.1,2,2005-06-01
1638,2005-01-01,4,Portugal,0.2,3,2005-09-01
1639,2006-01-01,1,Portugal,0.2,0,2006-01-01
1640,2006-01-01,2,Portugal,0.3,1,2006-03-01
1641,2006-01-01,3,Portugal,0.0,2,2006-06-01
1642,2006-01-01,4,Portugal,0.1,3,2006-09-01
1643,2007-01-01,1,Portugal,0.0,0,2007-01-01
1644,2007-01-01,2,Portugal,0.7,1,2007-03-01
1645,2007-01-01,3,Portugal,0.8,2,2007-06-01
1646,2007-01-01,4,Portugal,0.2,3,2007-09-03
1647,2008-01-01,1,Portugal,0.2,0,2008-01-01
1648,2008-01-01,2,Portugal,0.9,1,2008-03-03
1649,2008-01-01,3,Portugal,0.1,2,2008-06-02
1650,2008-01-01,4,Portugal,0.5,3,2008-09-01
1651,2009-01-01,1,Portugal,0.2,0,2009-01-01
1652,2009-01-01,2,Portugal,0.4,1,2009-03-02
1653,2009-01-01,3,Portugal,0.1,2,2009-06-01
1654,2009-01-01,4,Portugal,0.2,3,2009-09-01
1655,2010-01-01,1,Portugal,1.3,0,2010-01-01
1656,2010-01-01,2,Portugal,0.2,1,2010-03-01
1657,2010-01-01,3,Portugal,0.1,2,2010-06-01
1658,2010-01-01,4,Portugal,0.2,3,2010-09-01
1659,2011-01-01,1,Portugal,0.1,0,2011-01-01
1660,2011-01-01,2,Portugal,0.1,1,2011-03-01
1661,2011-01-01,3,Portugal,0.0,2,2011-06-01
1662,2011-01-01,4,Portugal,0.6,3,2011-09-01
1663,2012-01-01,1,Portugal,0.1,0,2012-01-01
1664,2012-01-01,2,Portugal,0.2,1,2012-03-01
1665,2012-01-01,3,Portugal,0.0,2,2012-06-01
1666,2012-01-01,4,Portugal,0.6,3,2012-09-03
1667,2013-01-01,1,Portugal,0.0,0,2013-01-01
1668,2013-01-01,2,Portugal,0.2,1,2013-03-01
1669,2013-01-01,3,Portugal,0.1,2,2013-06-03
1670,2013-01-01,4,Portugal,0.1,3,2013-09-02
1671,2014-01-01,1,Portugal,0.0,0,2014-01-01
1672,2014-01-01,2,Portugal,0.3,1,2014-03-03
1673,2014-01-01,3,Portugal,0.1,2,2014-06-02
1674,2014-01-01,4,Portugal,0.4,3,2014-09-01
1675,2015-01-01,1,Portugal,0.0,0,2015-01-01
1676,2015-01-01,2,Portugal,0.1,1,2015-03-02
1677,2015-01-01,3,Portugal,0.0,2,2015-06-01
1678,2015-01-01,4,Portugal,0.0,3,2015-09-01
1679,2016-01-01,1,Portugal,0.0,0,2016-01-01
1680,2016-01-01,2,Portugal,0.1,1,2016-03-01
1681,2016-01-01,3,Portugal,0.0,2,2016-06-01
1682,2016-01-01,4,Portugal,0.0,3,2016-09-01
1683,2017-01-01,1,Portugal,0.0,0,2017-01-01
1684,2017-01-01,2,Portugal,0.2,1,2017-03-01
1685,2017-01-01,3,Portugal,0.0,2,2017-06-01
1686,2017-01-01,4,Portugal,0.3,3,2017-09-01
1687,2018-01-01,1,Portugal,0.1,0,2018-01-01
1688,2018-01-01,2,Portugal,0.1,1,2018-03-01
1689,2018-01-01,3,Portugal,0.0,2,2018-06-01
1690,2018-01-01,4,Portugal,0.2,3,2018-09-03
1691,2019-01-01,1,Portugal,0.1,0,2019-01-01
1692,2019-01-01,2,Portugal,0.0,1,2019-03-01
1693,2019-01-01,3,Portugal,0.0,2,2019-06-03
1694,2019-01-01,4,Portugal,0.1,3,2019-09-02
1695,2020-01-01,1,Portugal,0.0,0,2020-01-01
1696,2020-01-01,2,Portugal,0.0,1,2020-03-02
1697,2004-01-01,1,Finland,0.0,0,2004-01-01
1698,2004-01-01,2,Finland,0.0,1,2004-03-01
1699,2004-01-01,3,Finland,0.0,2,2004-06-01
1700,2004-01-01,4,Finland,0.0,3,2004-09-01
1701,2005-01-01,1,Finland,0.0,0,2005-01-01
1702,2005-01-01,2,Finland,0.0,1,2005-03-01
1703,2005-01-01,3,Finland,0.0,2,2005-06-01
1704,2005-01-01,4,Finland,0.1,3,2005-09-01
1705,2006-01-01,1,Finland,0.0,0,2006-01-01
1706,2006-01-01,2,Finland,0.0,1,2006-03-01
1707,2006-01-01,3,Finland,0.1,2,2006-06-01
1708,2006-01-01,4,Finland,0.2,3,2006-09-01
1709,2007-01-01,1,Finland,0.0,0,2007-01-01
1710,2007-01-01,2,Finland,0.4,1,2007-03-01
1711,2007-01-01,3,Finland,0.2,2,2007-06-01
1712,2007-01-01,4,Finland,0.1,3,2007-09-03
1713,2008-01-01,1,Finland,0.3,0,2008-01-01
1714,2008-01-01,2,Finland,0.2,1,2008-03-03
1715,2008-01-01,3,Finland,0.0,2,2008-06-02
1716,2008-01-01,4,Finland,0.0,3,2008-09-01
1717,2009-01-01,1,Finland,0.1,0,2009-01-01
1718,2009-01-01,2,Finland,0.1,1,2009-03-02
1719,2009-01-01,3,Finland,0.0,2,2009-06-01
1720,2009-01-01,4,Finland,0.0,3,2009-09-01
1721,2010-01-01,1,Finland,0.0,0,2010-01-01
1722,2010-01-01,2,Finland,0.0,1,2010-03-01
1723,2010-01-01,3,Finland,0.2,2,2010-06-01
1724,2010-01-01,4,Finland,0.1,3,2010-09-01
1725,2011-01-01,1,Finland,0.1,0,2011-01-01
1726,2011-01-01,2,Finland,0.3,1,2011-03-01
1727,2011-01-01,3,Finland,0.1,2,2011-06-01
1728,2011-01-01,4,Finland,0.0,3,2011-09-01
1729,2012-01-01,1,Finland,0.1,0,2012-01-01
1730,2012-01-01,2,Finland,0.1,1,2012-03-01
1731,2012-01-01,3,Finland,0.1,2,2012-06-01
1732,2012-01-01,4,Finland,0.3,3,2012-09-03
1733,2013-01-01,1,Finland,0.5,0,2013-01-01
1734,2013-01-01,2,Finland,0.0,1,2013-03-01
1735,2013-01-01,3,Finland,0.0,2,2013-06-03
1736,2013-01-01,4,Finland,0.2,3,2013-09-02
1737,2014-01-01,1,Finland,0.2,0,2014-01-01
1738,2014-01-01,2,Finland,0.1,1,2014-03-03
1739,2014-01-01,3,Finland,0.3,2,2014-06-02
1740,2014-01-01,4,Finland,0.0,3,2014-09-01
1741,2015-01-01,1,Finland,0.2,0,2015-01-01
1742,2015-01-01,2,Finland,0.4,1,2015-03-02
1743,2015-01-01,3,Finland,1.6,2,2015-06-01
1744,2015-01-01,4,Finland,0.3,3,2015-09-01
1745,2016-01-01,1,Finland,0.4,0,2016-01-01
1746,2016-01-01,2,Finland,0.1,1,2016-03-01
1747,2016-01-01,3,Finland,0.1,2,2016-06-01
1748,2016-01-01,4,Finland,0.3,3,2016-09-01
1749,2017-01-01,1,Finland,0.1,0,2017-01-01
1750,2017-01-01,2,Finland,0.2,1,2017-03-01
1751,2017-01-01,3,Finland,0.0,2,2017-06-01
1752,2017-01-01,4,Finland,0.0,3,2017-09-01
1753,2018-01-01,1,Finland,0.1,0,2018-01-01
1754,2018-01-01,2,Finland,0.1,1,2018-03-01
1755,2018-01-01,3,Finland,0.6,2,2018-06-01
1756,2018-01-01,4,Finland,0.4,3,2018-09-03
1757,2019-01-01,1,Finland,0.1,0,2019-01-01
1758,2019-01-01,2,Finland,0.4,1,2019-03-01
1759,2019-01-01,3,Finland,0.5,2,2019-06-03
1760,2019-01-01,4,Finland,0.4,3,2019-09-02
1761,2020-01-01,1,Finland,0.5,0,2020-01-01
1762,2020-01-01,2,Finland,0.1,1,2020-03-02
1763,2004-01-01,1,Indonesia,0.1,0,2004-01-01
1764,2004-01-01,2,Indonesia,0.1,1,2004-03-01
1765,2004-01-01,3,Indonesia,0.0,2,2004-06-01
1766,2004-01-01,4,Indonesia,0.0,3,2004-09-01
1767,2005-01-01,1,Indonesia,0.0,0,2005-01-01
1768,2005-01-01,2,Indonesia,0.0,1,2005-03-01
1769,2005-01-01,3,Indonesia,0.1,2,2005-06-01
1770,2005-01-01,4,Indonesia,0.2,3,2005-09-01
1771,2006-01-01,1,Indonesia,0.2,0,2006-01-01
1772,2006-01-01,2,Indonesia,0.0,1,2006-03-01
1773,2006-01-01,3,Indonesia,0.2,2,2006-06-01
1774,2006-01-01,4,Indonesia,0.1,3,2006-09-01
1775,2007-01-01,1,Indonesia,0.1,0,2007-01-01
1776,2007-01-01,2,Indonesia,0.2,1,2007-03-01
1777,2007-01-01,3,Indonesia,0.1,2,2007-06-01
1778,2007-01-01,4,Indonesia,0.5,3,2007-09-03
1779,2008-01-01,1,Indonesia,0.1,0,2008-01-01
1780,2008-01-01,2,Indonesia,0.0,1,2008-03-03
1781,2008-01-01,3,Indonesia,0.0,2,2008-06-02
1782,2008-01-01,4,Indonesia,0.5,3,2008-09-01
1783,2009-01-01,1,Indonesia,0.1,0,2009-01-01
1784,2009-01-01,2,Indonesia,0.0,1,2009-03-02
1785,2009-01-01,3,Indonesia,0.2,2,2009-06-01
1786,2009-01-01,4,Indonesia,0.3,3,2009-09-01
1787,2010-01-01,1,Indonesia,0.3,0,2010-01-01
1788,2010-01-01,2,Indonesia,0.0,1,2010-03-01
1789,2010-01-01,3,Indonesia,0.0,2,2010-06-01
1790,2010-01-01,4,Indonesia,0.3,3,2010-09-01
1791,2011-01-01,1,Indonesia,0.5,0,2011-01-01
1792,2011-01-01,2,Indonesia,0.0,1,2011-03-01
1793,2011-01-01,3,Indonesia,0.6,2,2011-06-01
1794,2011-01-01,4,Indonesia,0.4,3,2011-09-01
1795,2012-01-01,1,Indonesia,0.2,0,2012-01-01
1796,2012-01-01,2,Indonesia,0.0,1,2012-03-01
1797,2012-01-01,3,Indonesia,0.1,2,2012-06-01
1798,2012-01-01,4,Indonesia,0.2,3,2012-09-03
1799,2013-01-01,1,Indonesia,0.0,0,2013-01-01
1800,2013-01-01,2,Indonesia,0.0,1,2013-03-01
1801,2013-01-01,3,Indonesia,0.0,2,2013-06-03
1802,2013-01-01,4,Indonesia,0.0,3,2013-09-02
1803,2014-01-01,1,Indonesia,1.6,0,2014-01-01
1804,2014-01-01,2,Indonesia,0.2,1,2014-03-03
1805,2014-01-01,3,Indonesia,0.0,2,2014-06-02
1806,2014-01-01,4,Indonesia,0.0,3,2014-09-01
1807,2015-01-01,1,Indonesia,0.0,0,2015-01-01
1808,2015-01-01,2,Indonesia,0.2,1,2015-03-02
1809,2015-01-01,3,Indonesia,0.0,2,2015-06-01
1810,2015-01-01,4,Indonesia,0.0,3,2015-09-01
1811,2016-01-01,1,Indonesia,0.0,0,2016-01-01
1812,2016-01-01,2,Indonesia,0.2,1,2016-03-01
1813,2016-01-01,3,Indonesia,0.1,2,2016-06-01
1814,2016-01-01,4,Indonesia,0.3,3,2016-09-01
1815,2017-01-01,1,Indonesia,0.8,0,2017-01-01
1816,2017-01-01,2,Indonesia,0.0,1,2017-03-01
1817,2017-01-01,3,Indonesia,0.1,2,2017-06-01
1818,2017-01-01,4,Indonesia,0.0,3,2017-09-01
1819,2018-01-01,1,Indonesia,0.7,0,2018-01-01
1820,2018-01-01,2,Indonesia,0.0,1,2018-03-01
1821,2018-01-01,3,Indonesia,0.0,2,2018-06-01
1822,2018-01-01,4,Indonesia,0.0,3,2018-09-03
1823,2019-01-01,1,Indonesia,0.0,0,2019-01-01
1824,2019-01-01,2,Indonesia,0.0,1,2019-03-01
1825,2019-01-01,3,Indonesia,0.0,2,2019-06-03
1826,2019-01-01,4,Indonesia,0.0,3,2019-09-02
1827,2020-01-01,1,Indonesia,0.0,0,2020-01-01
1828,2020-01-01,2,Indonesia,0.5,1,2020-03-02
1829,2004-01-01,1,Austria,0.1,0,2004-01-01
1830,2004-01-01,2,Austria,0.1,1,2004-03-01
1831,2004-01-01,3,Austria,0.0,2,2004-06-01
1832,2004-01-01,4,Austria,0.4,3,2004-09-01
1833,2005-01-01,1,Austria,0.1,0,2005-01-01
1834,2005-01-01,2,Austria,0.3,1,2005-03-01
1835,2005-01-01,3,Austria,0.0,2,2005-06-01
1836,2005-01-01,4,Austria,0.2,3,2005-09-01
1837,2006-01-01,1,Austria,0.1,0,2006-01-01
1838,2006-01-01,2,Austria,0.1,1,2006-03-01
1839,2006-01-01,3,Austria,0.0,2,2006-06-01
1840,2006-01-01,4,Austria,0.1,3,2006-09-01
1841,2007-01-01,1,Austria,0.0,0,2007-01-01
1842,2007-01-01,2,Austria,0.0,1,2007-03-01
1843,2007-01-01,3,Austria,0.2,2,2007-06-01
1844,2007-01-01,4,Austria,0.1,3,2007-09-03
1845,2008-01-01,1,Austria,0.0,0,2008-01-01
1846,2008-01-01,2,Austria,0.0,1,2008-03-03
1847,2008-01-01,3,Austria,0.0,2,2008-06-02
1848,2008-01-01,4,Austria,0.0,3,2008-09-01
1849,2009-01-01,1,Austria,0.1,0,2009-01-01
1850,2009-01-01,2,Austria,0.0,1,2009-03-02
1851,2009-01-01,3,Austria,0.3,2,2009-06-01
1852,2009-01-01,4,Austria,0.0,3,2009-09-01
1853,2010-01-01,1,Austria,0.1,0,2010-01-01
1854,2010-01-01,2,Austria,0.1,1,2010-03-01
1855,2010-01-01,3,Austria,0.1,2,2010-06-01
1856,2010-01-01,4,Austria,0.1,3,2010-09-01
1857,2011-01-01,1,Austria,0.1,0,2011-01-01
1858,2011-01-01,2,Austria,0.1,1,2011-03-01
1859,2011-01-01,3,Austria,0.1,2,2011-06-01
1860,2011-01-01,4,Austria,0.7,3,2011-09-01
1861,2012-01-01,1,Austria,0.4,0,2012-01-01
1862,2012-01-01,2,Austria,0.3,1,2012-03-01
1863,2012-01-01,3,Austria,0.2,2,2012-06-01
1864,2012-01-01,4,Austria,0.3,3,2012-09-03
1865,2013-01-01,1,Austria,0.2,0,2013-01-01
1866,2013-01-01,2,Austria,0.3,1,2013-03-01
1867,2013-01-01,3,Austria,0.3,2,2013-06-03
1868,2013-01-01,4,Austria,0.2,3,2013-09-02
1869,2014-01-01,1,Austria,0.2,0,2014-01-01
1870,2014-01-01,2,Austria,0.2,1,2014-03-03
1871,2014-01-01,3,Austria,0.1,2,2014-06-02
1872,2014-01-01,4,Austria,0.6,3,2014-09-01
1873,2015-01-01,1,Austria,0.2,0,2015-01-01
1874,2015-01-01,2,Austria,0.3,1,2015-03-02
1875,2015-01-01,3,Austria,0.1,2,2015-06-01
1876,2015-01-01,4,Austria,0.1,3,2015-09-01
1877,2016-01-01,1,Austria,0.2,0,2016-01-01
1878,2016-01-01,2,Austria,0.2,1,2016-03-01
1879,2016-01-01,3,Austria,0.1,2,2016-06-01
1880,2016-01-01,4,Austria,0.1,3,2016-09-01
1881,2017-01-01,1,Austria,0.1,0,2017-01-01
1882,2017-01-01,2,Austria,0.1,1,2017-03-01
1883,2017-01-01,3,Austria,0.1,2,2017-06-01
1884,2017-01-01,4,Austria,0.1,3,2017-09-01
1885,2018-01-01,1,Austria,0.2,0,2018-01-01
1886,2018-01-01,2,Austria,0.1,1,2018-03-01
1887,2018-01-01,3,Austria,0.2,2,2018-06-01
1888,2018-01-01,4,Austria,0.1,3,2018-09-03
1889,2019-01-01,1,Austria,0.1,0,2019-01-01
1890,2019-01-01,2,Austria,0.1,1,2019-03-01
1891,2019-01-01,3,Austria,0.1,2,2019-06-03
1892,2019-01-01,4,Austria,0.1,3,2019-09-02
1893,2020-01-01,1,Austria,0.1,0,2020-01-01
1894,2020-01-01,2,Austria,0.2,1,2020-03-02
1895,2004-01-01,1,Ireland,0.0,0,2004-01-01
1896,2004-01-01,2,Ireland,0.1,1,2004-03-01
1897,2004-01-01,3,Ireland,0.1,2,2004-06-01
1898,2004-01-01,4,Ireland,0.1,3,2004-09-01
1899,2005-01-01,1,Ireland,0.0,0,2005-01-01
1900,2005-01-01,2,Ireland,0.1,1,2005-03-01
1901,2005-01-01,4,Ireland,0.0,3,2005-09-01
1902,2006-01-01,1,Ireland,0.1,0,2006-01-01
1903,2006-01-01,2,Ireland,0.2,1,2006-03-01
1904,2006-01-01,3,Ireland,0.1,2,2006-06-01
1905,2006-01-01,4,Ireland,0.1,3,2006-09-01
1906,2007-01-01,1,Ireland,0.1,0,2007-01-01
1907,2007-01-01,2,Ireland,0.1,1,2007-03-01
1908,2007-01-01,3,Ireland,0.1,2,2007-06-01
1909,2007-01-01,4,Ireland,0.1,3,2007-09-03
1910,2008-01-01,1,Ireland,0.1,0,2008-01-01
1911,2008-01-01,2,Ireland,0.1,1,2008-03-03
1912,2008-01-01,3,Ireland,0.2,2,2008-06-02
1913,2008-01-01,4,Ireland,0.2,3,2008-09-01
1914,2009-01-01,1,Ireland,0.1,0,2009-01-01
1915,2009-01-01,2,Ireland,0.1,1,2009-03-02
1916,2009-01-01,3,Ireland,0.1,2,2009-06-01
1917,2009-01-01,4,Ireland,0.2,3,2009-09-01
1918,2010-01-01,1,Ireland,0.0,0,2010-01-01
1919,2010-01-01,2,Ireland,0.1,1,2010-03-01
1920,2010-01-01,3,Ireland,0.0,2,2010-06-01
1921,2010-01-01,4,Ireland,0.1,3,2010-09-01
1922,2011-01-01,1,Ireland,0.0,0,2011-01-01
1923,2011-01-01,2,Ireland,0.1,1,2011-03-01
1924,2011-01-01,3,Ireland,0.1,2,2011-06-01
1925,2012-01-01,1,Ireland,0.1,0,2012-01-01
1926,2012-01-01,2,Ireland,0.0,1,2012-03-01
1927,2012-01-01,3,Ireland,0.1,2,2012-06-01
1928,2012-01-01,4,Ireland,0.6,3,2012-09-03
1929,2013-01-01,1,Ireland,0.3,0,2013-01-01
1930,2013-01-01,2,Ireland,0.1,1,2013-03-01
1931,2013-01-01,3,Ireland,0.1,2,2013-06-03
1932,2013-01-01,4,Ireland,0.0,3,2013-09-02
1933,2014-01-01,1,Ireland,0.1,0,2014-01-01
1934,2014-01-01,2,Ireland,0.0,1,2014-03-03
1935,2014-01-01,3,Ireland,0.7,2,2014-06-02
1936,2014-01-01,4,Ireland,0.1,3,2014-09-01
1937,2015-01-01,1,Ireland,0.0,0,2015-01-01
1938,2015-01-01,2,Ireland,0.6,1,2015-03-02
1939,2015-01-01,3,Ireland,0.2,2,2015-06-01
1940,2015-01-01,4,Ireland,0.4,3,2015-09-01
1941,2016-01-01,1,Ireland,0.1,0,2016-01-01
1942,2016-01-01,2,Ireland,0.2,1,2016-03-01
1943,2016-01-01,3,Ireland,0.3,2,2016-06-01
1944,2016-01-01,4,Ireland,0.1,3,2016-09-01
1945,2017-01-01,1,Ireland,0.1,0,2017-01-01
1946,2017-01-01,2,Ireland,0.1,1,2017-03-01
1947,2017-01-01,3,Ireland,0.4,2,2017-06-01
1948,2017-01-01,4,Ireland,0.1,3,2017-09-01
1949,2018-01-01,1,Ireland,0.1,0,2018-01-01
1950,2018-01-01,2,Ireland,0.4,1,2018-03-01
1951,2018-01-01,3,Ireland,0.1,2,2018-06-01
1952,2018-01-01,4,Ireland,0.1,3,2018-09-03
1953,2019-01-01,1,Ireland,0.1,0,2019-01-01
1954,2019-01-01,2,Ireland,0.2,1,2019-03-01
1955,2019-01-01,3,Ireland,0.1,2,2019-06-03
1956,2019-01-01,4,Ireland,0.1,3,2019-09-02
1957,2020-01-01,1,Ireland,0.0,0,2020-01-01
1958,2020-01-01,2,Ireland,0.0,1,2020-03-02
1959,2004-01-01,4,Philippines,0.1,3,2004-09-01
1960,2005-01-01,1,Philippines,0.1,0,2005-01-01
1961,2005-01-01,3,Philippines,0.0,2,2005-06-01
1962,2005-01-01,4,Philippines,0.0,3,2005-09-01
1963,2006-01-01,3,Philippines,0.1,2,2006-06-01
1964,2006-01-01,4,Philippines,0.3,3,2006-09-01
1965,2007-01-01,1,Philippines,0.1,0,2007-01-01
1966,2007-01-01,2,Philippines,0.0,1,2007-03-01
1967,2007-01-01,3,Philippines,0.0,2,2007-06-01
1968,2007-01-01,4,Philippines,0.3,3,2007-09-03
1969,2008-01-01,1,Philippines,0.0,0,2008-01-01
1970,2008-01-01,2,Philippines,0.2,1,2008-03-03
1971,2008-01-01,3,Philippines,0.0,2,2008-06-02
1972,2009-01-01,1,Philippines,0.0,0,2009-01-01
1973,2009-01-01,2,Philippines,0.1,1,2009-03-02
1974,2009-01-01,3,Philippines,0.0,2,2009-06-01
1975,2009-01-01,4,Philippines,0.1,3,2009-09-01
1976,2010-01-01,1,Philippines,0.0,0,2010-01-01
1977,2010-01-01,2,Philippines,0.0,1,2010-03-01
1978,2010-01-01,3,Philippines,0.0,2,2010-06-01
1979,2011-01-01,1,Philippines,0.0,0,2011-01-01
1980,2011-01-01,3,Philippines,0.1,2,2011-06-01
1981,2011-01-01,4,Philippines,0.1,3,2011-09-01
1982,2012-01-01,1,Philippines,0.0,0,2012-01-01
1983,2012-01-01,2,Philippines,0.0,1,2012-03-01
1984,2012-01-01,3,Philippines,0.1,2,2012-06-01
1985,2012-01-01,4,Philippines,0.1,3,2012-09-03
1986,2013-01-01,1,Philippines,0.0,0,2013-01-01
1987,2013-01-01,2,Philippines,0.1,1,2013-03-01
1988,2013-01-01,3,Philippines,0.4,2,2013-06-03
1989,2013-01-01,4,Philippines,0.1,3,2013-09-02
1990,2014-01-01,1,Philippines,0.3,0,2014-01-01
1991,2014-01-01,2,Philippines,0.5,1,2014-03-03
1992,2014-01-01,3,Philippines,0.2,2,2014-06-02
1993,2014-01-01,4,Philippines,0.6,3,2014-09-01
1994,2015-01-01,1,Philippines,0.0,0,2015-01-01
1995,2015-01-01,2,Philippines,0.6,1,2015-03-02
1996,2015-01-01,3,Philippines,0.7,2,2015-06-01
1997,2015-01-01,4,Philippines,1.2,3,2015-09-01
1998,2016-01-01,1,Philippines,0.5,0,2016-01-01
1999,2016-01-01,2,Philippines,0.5,1,2016-03-01
2000,2016-01-01,3,Philippines,0.1,2,2016-06-01
2001,2016-01-01,4,Philippines,0.2,3,2016-09-01
2002,2017-01-01,1,Philippines,0.1,0,2017-01-01
2003,2017-01-01,2,Philippines,0.0,1,2017-03-01
2004,2017-01-01,3,Philippines,0.2,2,2017-06-01
2005,2017-01-01,4,Philippines,0.0,3,2017-09-01
2006,2018-01-01,1,Philippines,0.0,0,2018-01-01
2007,2018-01-01,2,Philippines,0.0,1,2018-03-01
2008,2018-01-01,3,Philippines,0.0,2,2018-06-01
2009,2018-01-01,4,Philippines,0.1,3,2018-09-03
2010,2019-01-01,1,Philippines,0.0,0,2019-01-01
2011,2019-01-01,2,Philippines,0.1,1,2019-03-01
2012,2019-01-01,3,Philippines,0.1,2,2019-06-03
2013,2019-01-01,4,Philippines,0.1,3,2019-09-02
2014,2020-01-01,1,Philippines,0.0,0,2020-01-01
2015,2020-01-01,2,Philippines,0.0,1,2020-03-02
2016,2004-01-01,3,Hungary,0.0,2,2004-06-01
2017,2005-01-01,1,Hungary,0.0,0,2005-01-01
2018,2005-01-01,2,Hungary,0.0,1,2005-03-01
2019,2005-01-01,3,Hungary,0.1,2,2005-06-01
2020,2006-01-01,1,Hungary,0.4,0,2006-01-01
2021,2006-01-01,2,Hungary,0.0,1,2006-03-01
2022,2006-01-01,3,Hungary,0.0,2,2006-06-01
2023,2006-01-01,4,Hungary,0.1,3,2006-09-01
2024,2007-01-01,1,Hungary,0.0,0,2007-01-01
2025,2007-01-01,2,Hungary,0.1,1,2007-03-01
2026,2007-01-01,3,Hungary,0.1,2,2007-06-01
2027,2007-01-01,4,Hungary,0.0,3,2007-09-03
2028,2008-01-01,1,Hungary,0.1,0,2008-01-01
2029,2008-01-01,2,Hungary,0.0,1,2008-03-03
2030,2008-01-01,3,Hungary,0.1,2,2008-06-02
2031,2008-01-01,4,Hungary,0.2,3,2008-09-01
2032,2009-01-01,2,Hungary,0.0,1,2009-03-02
2033,2009-01-01,3,Hungary,0.0,2,2009-06-01
2034,2009-01-01,4,Hungary,0.1,3,2009-09-01
2035,2010-01-01,1,Hungary,0.0,0,2010-01-01
2036,2010-01-01,2,Hungary,0.0,1,2010-03-01
2037,2010-01-01,3,Hungary,0.3,2,2010-06-01
2038,2011-01-01,2,Hungary,0.2,1,2011-03-01
2039,2011-01-01,4,Hungary,0.1,3,2011-09-01
2040,2012-01-01,4,Hungary,0.1,3,2012-09-03
2041,2013-01-01,3,Hungary,0.0,2,2013-06-03
2042,2014-01-01,1,Hungary,0.0,0,2014-01-01
2043,2014-01-01,2,Hungary,0.0,1,2014-03-03
2044,2014-01-01,3,Hungary,0.0,2,2014-06-02
2045,2014-01-01,4,Hungary,0.1,3,2014-09-01
2046,2015-01-01,1,Hungary,0.0,0,2015-01-01
2047,2015-01-01,2,Hungary,0.1,1,2015-03-02
2048,2015-01-01,3,Hungary,0.0,2,2015-06-01
2049,2015-01-01,4,Hungary,0.0,3,2015-09-01
2050,2016-01-01,1,Hungary,0.0,0,2016-01-01
2051,2016-01-01,2,Hungary,0.0,1,2016-03-01
2052,2016-01-01,3,Hungary,0.0,2,2016-06-01
2053,2016-01-01,4,Hungary,0.0,3,2016-09-01
2054,2017-01-01,1,Hungary,0.0,0,2017-01-01
2055,2017-01-01,2,Hungary,0.0,1,2017-03-01
2056,2017-01-01,3,Hungary,0.2,2,2017-06-01
2057,2017-01-01,4,Hungary,0.2,3,2017-09-01
2058,2018-01-01,1,Hungary,0.1,0,2018-01-01
2059,2018-01-01,2,Hungary,0.2,1,2018-03-01
2060,2018-01-01,3,Hungary,0.1,2,2018-06-01
2061,2018-01-01,4,Hungary,0.3,3,2018-09-03
2062,2019-01-01,1,Hungary,0.1,0,2019-01-01
2063,2019-01-01,2,Hungary,0.2,1,2019-03-01
2064,2019-01-01,3,Hungary,0.1,2,2019-06-03
2065,2019-01-01,4,Hungary,0.2,3,2019-09-02
2066,2020-01-01,1,Hungary,0.3,0,2020-01-01
2067,2020-01-01,2,Hungary,0.2,1,2020-03-02
2068,2004-01-01,1,Malaysia,0.0,0,2004-01-01
2069,2004-01-01,2,Malaysia,0.0,1,2004-03-01
2070,2004-01-01,3,Malaysia,0.0,2,2004-06-01
2071,2004-01-01,4,Malaysia,0.0,3,2004-09-01
2072,2005-01-01,1,Malaysia,0.0,0,2005-01-01
2073,2005-01-01,2,Malaysia,0.0,1,2005-03-01
2074,2005-01-01,3,Malaysia,0.1,2,2005-06-01
2075,2005-01-01,4,Malaysia,0.0,3,2005-09-01
2076,2006-01-01,1,Malaysia,0.2,0,2006-01-01
2077,2006-01-01,2,Malaysia,0.1,1,2006-03-01
2078,2006-01-01,3,Malaysia,0.1,2,2006-06-01
2079,2006-01-01,4,Malaysia,0.0,3,2006-09-01
2080,2007-01-01,1,Malaysia,0.2,0,2007-01-01
2081,2007-01-01,2,Malaysia,0.1,1,2007-03-01
2082,2007-01-01,3,Malaysia,0.2,2,2007-06-01
2083,2007-01-01,4,Malaysia,0.2,3,2007-09-03
2084,2008-01-01,1,Malaysia,0.1,0,2008-01-01
2085,2008-01-01,2,Malaysia,0.1,1,2008-03-03
2086,2008-01-01,3,Malaysia,0.1,2,2008-06-02
2087,2008-01-01,4,Malaysia,0.1,3,2008-09-01
2088,2009-01-01,1,Malaysia,0.0,0,2009-01-01
2089,2009-01-01,2,Malaysia,0.0,1,2009-03-02
2090,2009-01-01,3,Malaysia,0.1,2,2009-06-01
2091,2009-01-01,4,Malaysia,0.0,3,2009-09-01
2092,2010-01-01,1,Malaysia,0.0,0,2010-01-01
2093,2010-01-01,2,Malaysia,0.0,1,2010-03-01
2094,2010-01-01,3,Malaysia,0.0,2,2010-06-01
2095,2010-01-01,4,Malaysia,0.0,3,2010-09-01
2096,2011-01-01,1,Malaysia,0.0,0,2011-01-01
2097,2011-01-01,2,Malaysia,0.0,1,2011-03-01
2098,2011-01-01,3,Malaysia,0.0,2,2011-06-01
2099,2011-01-01,4,Malaysia,0.0,3,2011-09-01
2100,2012-01-01,1,Malaysia,0.0,0,2012-01-01
2101,2012-01-01,2,Malaysia,0.1,1,2012-03-01
2102,2012-01-01,3,Malaysia,0.0,2,2012-06-01
2103,2012-01-01,4,Malaysia,0.0,3,2012-09-03
2104,2013-01-01,1,Malaysia,0.0,0,2013-01-01
2105,2013-01-01,2,Malaysia,0.1,1,2013-03-01
2106,2013-01-01,3,Malaysia,0.0,2,2013-06-03
2107,2013-01-01,4,Malaysia,0.0,3,2013-09-02
2108,2014-01-01,1,Malaysia,0.0,0,2014-01-01
2109,2014-01-01,2,Malaysia,0.0,1,2014-03-03
2110,2014-01-01,3,Malaysia,0.0,2,2014-06-02
2111,2014-01-01,4,Malaysia,0.0,3,2014-09-01
2112,2015-01-01,1,Malaysia,0.0,0,2015-01-01
2113,2015-01-01,2,Malaysia,0.0,1,2015-03-02
2114,2015-01-01,3,Malaysia,0.0,2,2015-06-01
2115,2015-01-01,4,Malaysia,0.0,3,2015-09-01
2116,2016-01-01,1,Malaysia,0.0,0,2016-01-01
2117,2016-01-01,2,Malaysia,0.0,1,2016-03-01
2118,2016-01-01,3,Malaysia,0.0,2,2016-06-01
2119,2016-01-01,4,Malaysia,0.1,3,2016-09-01
2120,2017-01-01,1,Malaysia,0.0,0,2017-01-01
2121,2017-01-01,2,Malaysia,0.0,1,2017-03-01
2122,2017-01-01,3,Malaysia,0.2,2,2017-06-01
2123,2017-01-01,4,Malaysia,0.5,3,2017-09-01
2124,2018-01-01,1,Malaysia,0.2,0,2018-01-01
2125,2018-01-01,2,Malaysia,0.0,1,2018-03-01
2126,2018-01-01,3,Malaysia,0.1,2,2018-06-01
2127,2018-01-01,4,Malaysia,0.2,3,2018-09-03
2128,2019-01-01,1,Malaysia,0.1,0,2019-01-01
2129,2019-01-01,2,Malaysia,0.1,1,2019-03-01
2130,2019-01-01,3,Malaysia,0.1,2,2019-06-03
2131,2019-01-01,4,Malaysia,0.0,3,2019-09-02
2132,2020-01-01,1,Malaysia,0.0,0,2020-01-01
2133,2020-01-01,2,Malaysia,0.2,1,2020-03-02
2134,2004-01-01,1,Peru,0.0,0,2004-01-01
2135,2004-01-01,4,Peru,0.0,3,2004-09-01
2136,2006-01-01,1,Peru,0.0,0,2006-01-01
2137,2006-01-01,4,Peru,0.0,3,2006-09-01
2138,2007-01-01,1,Peru,0.0,0,2007-01-01
2139,2007-01-01,2,Peru,0.0,1,2007-03-01
2140,2007-01-01,3,Peru,0.1,2,2007-06-01
2141,2007-01-01,4,Peru,0.0,3,2007-09-03
2142,2008-01-01,2,Peru,0.0,1,2008-03-03
2143,2008-01-01,4,Peru,0.0,3,2008-09-01
2144,2009-01-01,1,Peru,0.2,0,2009-01-01
2145,2009-01-01,2,Peru,0.0,1,2009-03-02
2146,2010-01-01,1,Peru,0.7,0,2010-01-01
2147,2010-01-01,2,Peru,0.1,1,2010-03-01
2148,2010-01-01,4,Peru,0.0,3,2010-09-01
2149,2011-01-01,1,Peru,0.0,0,2011-01-01
2150,2011-01-01,2,Peru,0.2,1,2011-03-01
2151,2011-01-01,4,Peru,0.0,3,2011-09-01
2152,2012-01-01,1,Peru,0.0,0,2012-01-01
2153,2012-01-01,3,Peru,0.2,2,2012-06-01
2154,2012-01-01,4,Peru,0.3,3,2012-09-03
2155,2013-01-01,1,Peru,0.2,0,2013-01-01
2156,2013-01-01,3,Peru,0.3,2,2013-06-03
2157,2013-01-01,4,Peru,0.0,3,2013-09-02
2158,2014-01-01,1,Peru,0.0,0,2014-01-01
2159,2014-01-01,2,Peru,0.0,1,2014-03-03
2160,2014-01-01,3,Peru,0.2,2,2014-06-02
2161,2014-01-01,4,Peru,0.1,3,2014-09-01
2162,2015-01-01,2,Peru,0.1,1,2015-03-02
2163,2015-01-01,3,Peru,0.1,2,2015-06-01
2164,2016-01-01,1,Peru,0.0,0,2016-01-01
2165,2016-01-01,4,Peru,0.2,3,2016-09-01
2166,2017-01-01,3,Peru,0.3,2,2017-06-01
2167,2019-01-01,2,Peru,0.1,1,2019-03-01
2168,2004-01-01,2,New Zealand,0.0,1,2004-03-01
2169,2004-01-01,4,New Zealand,0.1,3,2004-09-01
2170,2005-01-01,1,New Zealand,0.1,0,2005-01-01
2171,2005-01-01,3,New Zealand,0.0,2,2005-06-01
2172,2006-01-01,1,New Zealand,0.2,0,2006-01-01
2173,2006-01-01,4,New Zealand,0.2,3,2006-09-01
2174,2007-01-01,1,New Zealand,0.1,0,2007-01-01
2175,2007-01-01,3,New Zealand,0.3,2,2007-06-01
2176,2007-01-01,4,New Zealand,0.0,3,2007-09-03
2177,2008-01-01,2,New Zealand,0.3,1,2008-03-03
2178,2008-01-01,3,New Zealand,0.1,2,2008-06-02
2179,2009-01-01,1,New Zealand,0.0,0,2009-01-01
2180,2009-01-01,3,New Zealand,0.0,2,2009-06-01
2181,2009-01-01,4,New Zealand,0.1,3,2009-09-01
2182,2010-01-01,1,New Zealand,0.0,0,2010-01-01
2183,2010-01-01,2,New Zealand,0.1,1,2010-03-01
2184,2010-01-01,3,New Zealand,0.0,2,2010-06-01
2185,2011-01-01,1,New Zealand,0.5,0,2011-01-01
2186,2011-01-01,2,New Zealand,0.4,1,2011-03-01
2187,2011-01-01,4,New Zealand,0.0,3,2011-09-01
2188,2012-01-01,2,New Zealand,0.1,1,2012-03-01
2189,2015-01-01,1,New Zealand,0.0,0,2015-01-01
2190,2016-01-01,2,New Zealand,0.1,1,2016-03-01
2191,2017-01-01,4,New Zealand,0.1,3,2017-09-01
2192,2019-01-01,3,New Zealand,0.2,2,2019-06-03
2193,2019-01-01,4,New Zealand,0.2,3,2019-09-02
2194,2006-01-01,1,Singapore,0.0,0,2006-01-01
2195,2006-01-01,3,Singapore,0.1,2,2006-06-01
2196,2006-01-01,4,Singapore,0.2,3,2006-09-01
2197,2007-01-01,1,Singapore,0.0,0,2007-01-01
2198,2007-01-01,2,Singapore,0.0,1,2007-03-01
2199,2007-01-01,3,Singapore,0.0,2,2007-06-01
2200,2008-01-01,1,Singapore,0.9,0,2008-01-01
2201,2009-01-01,1,Singapore,0.0,0,2009-01-01
2202,2009-01-01,2,Singapore,0.0,1,2009-03-02
2203,2009-01-01,3,Singapore,0.0,2,2009-06-01
2204,2009-01-01,4,Singapore,0.0,3,2009-09-01
2205,2010-01-01,1,Singapore,0.0,0,2010-01-01
2206,2010-01-01,2,Singapore,0.0,1,2010-03-01
2207,2010-01-01,3,Singapore,0.0,2,2010-06-01
2208,2010-01-01,4,Singapore,0.0,3,2010-09-01
2209,2011-01-01,1,Singapore,0.0,0,2011-01-01
2210,2011-01-01,2,Singapore,0.0,1,2011-03-01
2211,2011-01-01,3,Singapore,0.0,2,2011-06-01
2212,2011-01-01,4,Singapore,0.0,3,2011-09-01
2213,2012-01-01,1,Singapore,0.0,0,2012-01-01
2214,2012-01-01,2,Singapore,0.0,1,2012-03-01
2215,2012-01-01,3,Singapore,0.0,2,2012-06-01
2216,2012-01-01,4,Singapore,0.0,3,2012-09-03
2217,2013-01-01,1,Singapore,0.0,0,2013-01-01
2218,2013-01-01,2,Singapore,0.0,1,2013-03-01
2219,2013-01-01,3,Singapore,0.0,2,2013-06-03
2220,2013-01-01,4,Singapore,0.0,3,2013-09-02
2221,2014-01-01,1,Singapore,0.0,0,2014-01-01
2222,2014-01-01,2,Singapore,0.0,1,2014-03-03
2223,2014-01-01,3,Singapore,0.0,2,2014-06-02
2224,2014-01-01,4,Singapore,0.0,3,2014-09-01
2225,2015-01-01,1,Singapore,0.0,0,2015-01-01
2226,2015-01-01,2,Singapore,0.0,1,2015-03-02
2227,2015-01-01,3,Singapore,0.1,2,2015-06-01
2228,2015-01-01,4,Singapore,0.0,3,2015-09-01
2229,2016-01-01,1,Singapore,0.0,0,2016-01-01
2230,2016-01-01,2,Singapore,0.6,1,2016-03-01
2231,2016-01-01,3,Singapore,0.0,2,2016-06-01
2232,2016-01-01,4,Singapore,0.0,3,2016-09-01
2233,2017-01-01,1,Singapore,0.0,0,2017-01-01
2234,2017-01-01,2,Singapore,0.0,1,2017-03-01
2235,2017-01-01,3,Singapore,0.0,2,2017-06-01
2236,2017-01-01,4,Singapore,0.0,3,2017-09-01
2237,2018-01-01,1,Singapore,0.0,0,2018-01-01
2238,2018-01-01,2,Singapore,0.1,1,2018-03-01
2239,2018-01-01,3,Singapore,0.0,2,2018-06-01
2240,2018-01-01,4,Singapore,0.0,3,2018-09-03
2241,2019-01-01,1,Singapore,0.0,0,2019-01-01
2242,2019-01-01,2,Singapore,0.1,1,2019-03-01
2243,2019-01-01,3,Singapore,0.0,2,2019-06-03
2244,2019-01-01,4,Singapore,0.0,3,2019-09-02
2245,2020-01-01,1,Singapore,0.0,0,2020-01-01
2246,2020-01-01,2,Singapore,0.0,1,2020-03-02
2247,2004-01-01,4,Hong Kong,0.0,3,2004-09-01
2248,2012-01-01,3,Hong Kong,0.0,2,2012-06-01
2249,2004-01-01,1,Grand Total,9.4,0,2004-01-01
2250,2004-01-01,2,Grand Total,12.6,1,2004-03-01
2251,2004-01-01,3,Grand Total,8.2,2,2004-06-01
2252,2004-01-01,4,Grand Total,10.3,3,2004-09-01
2253,2005-01-01,1,Grand Total,11.4,0,2005-01-01
2254,2005-01-01,2,Grand Total,17.9,1,2005-03-01
2255,2005-01-01,3,Grand Total,14.1,2,2005-06-01
2256,2005-01-01,4,Grand Total,17.1,3,2005-09-01
2257,2006-01-01,1,Grand Total,17.9,0,2006-01-01
2258,2006-01-01,2,Grand Total,20.0,1,2006-03-01
2259,2006-01-01,3,Grand Total,19.8,2,2006-06-01
2260,2006-01-01,4,Grand Total,30.8,3,2006-09-01
2261,2007-01-01,1,Grand Total,22.6,0,2007-01-01
2262,2007-01-01,2,Grand Total,29.7,1,2007-03-01
2263,2007-01-01,3,Grand Total,32.0,2,2007-06-01
2264,2007-01-01,4,Grand Total,36.4,3,2007-09-03
2265,2008-01-01,1,Grand Total,33.0,0,2008-01-01
2266,2008-01-01,2,Grand Total,41.2,1,2008-03-03
2267,2008-01-01,3,Grand Total,41.9,2,2008-06-02
2268,2008-01-01,4,Grand Total,40.3,3,2008-09-01
2269,2009-01-01,1,Grand Total,28.5,0,2009-01-01
2270,2009-01-01,2,Grand Total,42.7,1,2009-03-02
2271,2009-01-01,3,Grand Total,39.1,2,2009-06-01
2272,2009-01-01,4,Grand Total,36.9,3,2009-09-01
2273,2010-01-01,1,Grand Total,46.3,0,2010-01-01
2274,2010-01-01,2,Grand Total,50.4,1,2010-03-01
2275,2010-01-01,3,Grand Total,53.6,2,2010-06-01
2276,2010-01-01,4,Grand Total,60.9,3,2010-09-01
2277,2011-01-01,1,Grand Total,54.4,0,2011-01-01
2278,2011-01-01,2,Grand Total,76.9,1,2011-03-01
2279,2011-01-01,3,Grand Total,71.8,2,2011-06-01
2280,2011-01-01,4,Grand Total,61.4,3,2011-09-01
2281,2012-01-01,1,Grand Total,50.6,0,2012-01-01
2282,2012-01-01,2,Grand Total,68.8,1,2012-03-01
2283,2012-01-01,3,Grand Total,58.3,2,2012-06-01
2284,2012-01-01,4,Grand Total,61.8,3,2012-09-03
2285,2013-01-01,1,Grand Total,41.6,0,2013-01-01
2286,2013-01-01,2,Grand Total,59.9,1,2013-03-01
2287,2013-01-01,3,Grand Total,53.2,2,2013-06-03
2288,2013-01-01,4,Grand Total,56.1,3,2013-09-02
2289,2014-01-01,1,Grand Total,54.2,0,2014-01-01
2290,2014-01-01,2,Grand Total,67.5,1,2014-03-03
2291,2014-01-01,3,Grand Total,68.0,2,2014-06-02
2292,2014-01-01,4,Grand Total,77.1,3,2014-09-01
2293,2015-01-01,1,Grand Total,60.1,0,2015-01-01
2294,2015-01-01,2,Grand Total,86.8,1,2015-03-02
2295,2015-01-01,3,Grand Total,73.6,2,2015-06-01
2296,2015-01-01,4,Grand Total,79.3,3,2015-09-01
2297,2016-01-01,1,Grand Total,73.6,0,2016-01-01
2298,2016-01-01,2,Grand Total,78.1,1,2016-03-01
2299,2016-01-01,3,Grand Total,56.2,2,2016-06-01
2300,2016-01-01,4,Grand Total,69.2,3,2016-09-01
2301,2017-01-01,1,Grand Total,78.0,0,2017-01-01
2302,2017-01-01,2,Grand Total,80.6,1,2017-03-01
2303,2017-01-01,3,Grand Total,81.3,2,2017-06-01
2304,2017-01-01,4,Grand Total,76.8,3,2017-09-01
2305,2018-01-01,1,Grand Total,64.9,0,2018-01-01
2306,2018-01-01,2,Grand Total,70.7,1,2018-03-01
2307,2018-01-01,3,Grand Total,66.9,2,2018-06-01
2308,2018-01-01,4,Grand Total,79.3,3,2018-09-03
2309,2019-01-01,1,Grand Total,55.9,0,2019-01-01
2310,2019-01-01,2,Grand Total,69.9,1,2019-03-01
2311,2019-01-01,3,Grand Total,77.5,2,2019-06-03
2312,2019-01-01,4,Grand Total,87.6,3,2019-09-02
2313,2020-01-01,1,Grand Total,62.8,0,2020-01-01
2314,2020-01-01,2,Grand Total,69.9,1,2020-03-02
