YEAR,STATE,Renewables 
1990,AK,20.10098748
1990,AL,15.7106364
1990,AR,12.55277868
1990,AZ,11.98812947
1990,CA,28.75971721
1990,CO,4.451438941
1990,CT,4.677262489
1990,DC,0
1990,DE,0
1990,FL,3.035540306
1990,GA,7.471198673
1990,HI,9.773989894
1990,IA,2.972696572
1990,ID,98.28424466
1990,IL,0.23116801
1990,IN,0.471456909
1990,KS,0.038844685
1990,KY,4.281939049
1990,LA,3.886289827
1990,MA,7.057738373
1990,MD,8.500926293
1990,ME,47.0348452
1990,MI,3.034910035
1990,MN,4.102915192
1990,MO,3.69336222
1990,MS,6.325533203
1990,MT,41.59051412
1990,NC,9.754296361
1990,ND,6.339167394
1990,NE,5.270013706
1990,NH,24.3350367
1990,NJ,0.702747545
1990,NM,0.761837078
1990,NV,12.44981406
1990,NY,22.2874918
1990,OH,0.628029138
1990,OK,6.375090058
1990,OR,83.64526641
1990,PA,2.111117243
1990,RI,4.03696867
1990,SC,6.46960714
1990,SD,61.21226803
1990,TN,13.68613628
1990,TX,1.1473992
1990,US-TOTAL,11.7596569
1990,UT,2.027629737
1990,VA,5.907033245
1990,VT,28.65966397
1990,WA,86.79793023
1990,WI,5.960665953
1990,WV,1.628185095
1990,WY,1.738720722
1991,AK,19.23055801
1991,AL,14.64815776
1991,AR,12.14598254
1991,AZ,10.1816492
1991,CA,29.38940736
1991,CO,5.733386965
1991,CT,5.902986511
1991,DC,0
1991,DE,0
1991,FL,3.305942806
1991,GA,7.631503647
1991,HI,10.68213142
1991,IA,2.870900378
1991,ID,98.02822661
1991,IL,0.243120009
1991,IN,0.423768871
1991,KS,0.032512285
1991,KY,4.844443515
1991,LA,4.121799386
1991,MA,6.703057068
1991,MD,4.778915318
1991,ME,46.24530039
1991,MI,3.27499381
1991,MN,4.513434054
1991,MO,1.851003012
1991,MS,7.104074196
1991,MT,42.26724844
1991,NC,8.045424505
1991,ND,6.346597085
1991,NE,4.541979301
1991,NH,18.79753815
1991,NJ,1.898529966
1991,NM,0.993922513
1991,NV,15.22967112
1991,NY,21.65922282
1991,OH,0.635448567
1991,OK,4.460915254
1991,OR,88.3786829
1991,PA,1.828018337
1991,RI,2.806086091
1991,SC,6.301696535
1991,SD,58.24297173
1991,TN,14.87550281
1991,TX,1.29975301
1991,US-TOTAL,11.63945549
1991,UT,2.665732989
1991,VA,5.434434931
1991,VT,21.88361697
1991,WA,87.5924611
1991,WI,6.75181591
1991,WV,1.451008996
1991,WY,2.001028643
1992,AK,20.12577703
1992,AL,13.39501593
1992,AR,12.1894925
1992,AZ,9.580335569
1992,CA,25.535698
1992,CO,4.587212862
1992,CT,6.0280959
1992,DC,0
1992,DE,0
1992,FL,3.788568813
1992,GA,8.328215379
1992,HI,9.053101028
1992,IA,3.343530317
1992,ID,96.56619506
1992,IL,0.26689421
1992,IN,0.589938103
1992,KS,0.030802569
1992,KY,4.870291769
1992,LA,4.457324765
1992,MA,6.795014575
1992,MD,5.65678338
1992,ME,48.16470052
1992,MI,3.635110696
1992,MN,5.208085252
1992,MO,2.601064941
1992,MS,8.541293107
1992,MT,32.41081876
1992,NC,8.349822648
1992,ND,5.90558655
1992,NE,4.824334336
1992,NH,17.14093162
1992,NJ,2.12204265
1992,NM,0.958957568
1992,NV,13.55030377
1992,NY,24.04545672
1992,OH,0.678749289
1992,OK,6.981131713
1992,OR,76.82572363
1992,PA,2.483935776
1992,RI,1.541835721
1992,SC,6.793615236
1992,SD,57.82533787
1992,TN,13.50534403
1992,TX,1.474762096
1992,US-TOTAL,10.59890759
1992,UT,2.373107384
1992,VA,5.552339462
1992,VT,21.96527329
1992,WA,80.47689086
1992,WI,6.785032197
1992,WV,1.69114483
1992,WY,1.505235192
1993,AK,24.62593578
1993,AL,12.46798625
1993,AR,15.08460504
1993,AZ,9.931411866
1993,CA,35.10461181
1993,CO,5.684227798
1993,CT,5.505040646
1993,DC,0
1993,DE,0
1993,FL,3.736721978
1993,GA,7.672024006
1993,HI,10.13270028
1993,IA,2.422683032
1993,ID,97.42428703
1993,IL,0.265923862
1993,IN,0.463987418
1993,KS,0.013725225
1993,KY,3.711997303
1993,LA,4.945849369
1993,MA,7.678098195
1993,MD,4.751692654
1993,ME,47.69661372
1993,MI,3.605777305
1993,MN,5.112603394
1993,MO,5.950614988
1993,MS,7.526843255
1993,MT,40.77018609
1993,NC,7.028917884
1993,ND,4.936991098
1993,NE,4.426076751
1993,NH,16.10956512
1993,NJ,1.991900611
1993,NM,1.063308467
1993,NV,14.94410886
1993,NY,25.54019536
1993,OH,0.432384435
1993,OK,8.69079838
1993,OR,87.32783682
1993,PA,2.454197667
1993,RI,1.804451421
1993,SC,5.811620836
1993,SD,49.30281756
1993,TN,12.77938873
1993,TX,1.136131203
1993,US-TOTAL,11.15689614
1993,UT,2.960138531
1993,VA,4.963719459
1993,VT,26.83232248
1993,WA,77.89634471
1993,WI,6.918593115
1993,WV,1.49045279
1993,WY,1.931324135
1994,AK,25.13746716
1994,AL,15.04404682
1994,AR,11.96596472
1994,AZ,10.39880782
1994,CA,25.4666346
1994,CO,4.410700453
1994,CT,6.258270612
1994,DC,0
1994,DE,0
1994,FL,3.708007556
1994,GA,7.205959913
1994,HI,10.63941465
1994,IA,3.408375178
1994,ID,96.76511325
1994,IL,0.290658916
1994,IN,0.414117822
1994,KS,0.026339804
1994,KY,4.772570219
1994,LA,4.533857063
1994,MA,7.876122088
1994,MD,5.581039523
1994,ME,44.1276544
1994,MI,3.988044073
1994,MN,5.202498858
1994,MO,3.108080429
1994,MS,6.143199884
1994,MT,32.79991066
1994,NC,8.880602819
1994,ND,6.41396359
1994,NE,6.010131132
1994,NH,18.88158357
1994,NJ,2.375259371
1994,NM,0.736054752
1994,NV,13.74849716
1994,NY,24.04103459
1994,OH,0.53233666
1994,OK,5.565536046
1994,OR,82.63135024
1994,PA,2.655606527
1994,RI,1.796607591
1994,SC,6.146771483
1994,SD,64.17961623
1994,TN,16.02850947
1994,TX,1.012183367
1994,US-TOTAL,10.36669916
1994,UT,2.685588141
1994,VA,5.152429368
1994,VT,22.9538742
1994,WA,75.42793666
1994,WI,6.358318267
1994,WV,1.406903406
1994,WY,2.129303129
1995,AK,24.84268474
1995,AL,12.6509385
1995,AR,11.38482317
1995,AZ,12.00792096
1995,CA,37.71731173
1995,CO,6.075988383
1995,CT,7.243289595
1995,DC,0
1995,DE,0
1995,FL,3.470907503
1995,GA,6.88589236
1995,HI,9.630819462
1995,IA,3.071695139
1995,ID,97.41939052
1995,IL,0.314456818
1995,IN,0.505328818
1995,KS,0.029255087
1995,KY,3.978068524
1995,LA,4.254460433
1995,MA,7.675237908
1995,MD,4.568775203
1995,ME,71.49549869
1995,MI,3.797832134
1995,MN,5.176438433
1995,MO,2.95793771
1995,MS,6.499592955
1995,MT,41.60689633
1995,NC,6.794048047
1995,ND,8.548265363
1995,NE,5.699924519
1995,NH,15.68871025
1995,NJ,2.733586884
1995,NM,0.915059988
1995,NV,14.58533999
1995,NY,21.38373316
1995,OH,0.540009279
1995,OK,5.824813683
1995,OR,91.35989126
1995,PA,2.423576828
1995,RI,1.980699223
1995,SC,6.308331322
1995,SD,68.20258942
1995,TN,11.96919872
1995,TX,0.980918644
1995,US-TOTAL,11.47456637
1995,UT,3.378766392
1995,VA,4.912419784
1995,VT,24.8345078
1995,WA,81.93268773
1995,WI,6.427184281
1995,WV,1.480900302
1995,WY,1.983779083
1996,AK,22.52873766
1996,AL,12.48609083
1996,AR,9.516499951
1996,AZ,12.96647072
1996,CA,37.62955971
1996,CO,4.990801715
1996,CT,13.35282201
1996,DC,0
1996,DE,0
1996,FL,3.629537854
1996,GA,7.480808026
1996,HI,9.045150432
1996,IA,2.89767118
1996,ID,97.90770747
1996,IL,0.384188968
1996,IN,0.502729238
1996,KS,0.027462213
1996,KY,3.964228676
1996,LA,4.975162303
1996,MA,8.590586716
1996,MD,6.895475764
1996,ME,51.51343146
1996,MI,4.031581207
1996,MN,5.351641189
1996,MO,1.981065647
1996,MS,5.191179976
1996,MT,51.59830349
1996,NC,6.720657593
1996,ND,10.21969045
1996,NE,5.899040511
1996,NH,17.64784895
1996,NJ,2.736907529
1996,NM,0.733963966
1996,NV,14.53905661
1996,NY,23.3614047
1996,OH,0.682805334
1996,OK,4.633337718
1996,OR,89.09299253
1996,PA,2.833969701
1996,RI,1.355019588
1996,SC,5.829251501
1996,SD,79.25146882
1996,TN,13.07457382
1996,TX,0.731735728
1996,US-TOTAL,12.28033178
1996,UT,3.765702338
1996,VA,5.603602487
1996,VT,28.924123
1996,WA,84.1125065
1996,WI,7.020696211
1996,WV,1.633382998
1996,WY,2.970189812
1997,AK,18.62795289
1997,AL,12.43496321
1997,AR,11.28903429
1997,AZ,15.38919406
1997,CA,36.36589386
1997,CO,5.484135365
1997,CT,14.38922214
1997,DC,0
1997,DE,0
1997,FL,3.681673526
1997,GA,7.149672945
1997,HI,9.532287192
1997,IA,2.565635786
1997,ID,97.16373266
1997,IL,0.576464827
1997,IN,0.597625322
1997,KS,0.036608441
1997,KY,3.706677236
1997,LA,5.040628088
1997,MA,7.067738948
1997,MD,4.992513392
1997,ME,69.9426404
1997,MI,4.095923074
1997,MN,5.109278278
1997,MO,2.306650507
1997,MS,4.814606464
1997,MT,47.06631831
1997,NC,6.306154043
1997,ND,11.13375608
1997,NE,5.938335775
1997,NH,17.04531479
1997,NJ,2.853576856
1997,NM,0.8423463
1997,NV,15.47443389
1997,NY,23.65923177
1997,OH,0.76491872
1997,OK,5.963124946
1997,OR,90.21134587
1997,PA,2.475920511
1997,RI,1.454027231
1997,SC,5.607349864
1997,SD,72.39053196
1997,TN,12.01610844
1997,TX,0.990924339
1997,US-TOTAL,12.4173746
1997,UT,4.357771841
1997,VA,5.086417589
1997,VT,24.68732716
1997,WA,86.31300777
1997,WI,7.170320198
1997,WV,1.244163632
1997,WY,3.334285448
1998,AK,19.12677383
1998,AL,12.33498488
1998,AR,10.32563434
1998,AZ,13.36278626
1998,CA,37.55090659
1998,CO,3.839043199
1998,CT,12.74339191
1998,DC,0
1998,DE,0
1998,FL,2.987853715
1998,GA,7.255177006
1998,HI,8.620413876
1998,IA,2.610927486
1998,ID,96.62504827
1998,IL,0.552369494
1998,IN,0.513127756
1998,KS,0.027473698
1998,KY,3.443930186
1998,LA,4.389030635
1998,MA,6.752606886
1998,MD,4.93638908
1998,ME,65.99355449
1998,MI,4.139408711
1998,MN,4.797416713
1998,MO,3.23920065
1998,MS,4.175618767
1998,MT,39.21955672
1998,NC,6.064032224
1998,ND,7.4904658
1998,NE,5.904918364
1998,NH,16.85391743
1998,NJ,2.47223453
1998,NM,0.759861018
1998,NV,15.36386211
1998,NY,22.07719863
1998,OH,0.680658113
1998,OK,6.631458652
1998,OR,79.1620041
1998,PA,2.639548581
1998,RI,1.561415444
1998,SC,5.929883014
1998,SD,63.34697255
1998,TN,11.71979314
1998,TX,0.80320377
1998,US-TOTAL,11.06053545
1998,UT,4.106795713
1998,VA,5.376576402
1998,VT,31.2451719
1998,WA,79.43188051
1998,WI,5.404132563
1998,WV,1.170349511
1998,WY,2.964602343
1999,AK,14.07384786
1999,AL,9.992375277
1999,AR,9.150875503
1999,AZ,11.63813532
1999,CA,33.64482871
1999,CO,4.033919644
1999,CT,8.839906342
1999,DC,0
1999,DE,0
1999,FL,3.06783504
1999,GA,5.0825028
1999,HI,8.831742939
1999,IA,3.513162294
1999,ID,96.78033294
1999,IL,0.512784611
1999,IN,0.437690784
1999,KS,0.029396084
1999,KY,2.771825759
1999,LA,4.071681814
1999,MA,7.418627033
1999,MD,4.275384443
1999,ME,58.25225153
1999,MI,4.047090792
1999,MN,5.95282351
1999,MO,2.593664682
1999,MS,4.123886224
1999,MT,44.1511841
1999,NC,4.534593686
1999,ND,8.322530669
1999,NE,5.773377615
1999,NH,15.67879593
1999,NJ,2.433927351
1999,NM,0.780161501
1999,NV,13.89546966
1999,NY,18.86106212
1999,OH,0.745737923
1999,OK,6.083120682
1999,OR,81.33435085
1999,PA,2.418485725
1999,RI,1.885592658
1999,SC,3.462193889
1999,SD,63.24984297
1999,TN,9.141098882
1999,TX,0.735838368
1999,US-TOTAL,10.7978232
1999,UT,3.857157398
1999,VA,4.571166719
1999,VT,28.07382995
1999,WA,83.97859732
1999,WI,5.402282048
1999,WV,0.982394653
1999,WY,2.707557998
2000,AK,16.27247514
2000,AL,7.952870833
2000,AR,9.035782987
2000,AZ,9.397549947
2000,CA,29.23717851
2000,CO,3.333659681
2000,CT,8.127523503
2000,DC,0
2000,DE,0.314624704
2000,FL,3.011802883
2000,GA,4.508970493
2000,HI,8.692796828
2000,IA,3.578045453
2000,ID,96.13373711
2000,IL,0.589491373
2000,IN,0.561853168
2000,KS,0.034211069
2000,KY,2.512589418
2000,LA,3.580163965
2000,MA,8.429342682
2000,MD,4.987799485
2000,ME,52.76701998
2000,MI,4.142874792
2000,MN,5.786238424
2000,MO,0.891419098
2000,MS,4.467163423
2000,MT,36.55770029
2000,NC,4.016690957
2000,ND,6.804390353
2000,NE,5.212109724
2000,NH,16.85708125
2000,NJ,2.372979079
2000,NM,0.674904076
2000,NV,10.70950572
2000,NY,20.12749144
2000,OH,0.825464034
2000,OK,4.363927655
2000,OR,74.95463359
2000,PA,2.489337739
2000,RI,2.011305282
2000,SC,3.163730002
2000,SD,58.93894375
2000,TN,7.508310014
2000,TX,0.688186027
2000,US-TOTAL,9.375821209
2000,UT,2.477740901
2000,VA,3.700098861
2000,VT,25.08104853
2000,WA,75.53289969
2000,WI,5.263332526
2000,WV,1.254867594
2000,WY,2.762866013
2001,AK,19.96829368
2001,AL,10.00896301
2001,AR,8.60367009
2001,AZ,8.52284906
2001,CA,23.75242915
2001,CO,3.42934536
2001,CT,3.920208841
2001,DC,0
2001,DE,0
2001,FL,2.06209532
2001,GA,4.732363892
2001,HI,5.616164554
2001,IA,3.533739748
2001,ID,82.98395165
2001,IL,0.458911733
2001,IN,0.559087728
2001,KS,0.146136667
2001,KY,4.050678226
2001,LA,3.909813252
2001,MA,5.237458468
2001,MD,3.172561684
2001,ME,33.0738932
2001,MI,3.508037553
2001,MN,5.788425938
2001,MO,1.399126001
2001,MS,2.679536145
2001,MT,27.56175853
2001,NC,3.699700883
2001,ND,4.416912238
2001,NE,3.750720186
2001,NH,13.37479462
2001,NJ,1.450043301
2001,NM,0.761557536
2001,NV,10.96232946
2001,NY,17.29152851
2001,OH,0.661980907
2001,OK,4.66137853
2001,OR,65.44468951
2001,PA,1.803978786
2001,RI,1.423094334
2001,SC,2.377322883
2001,SD,46.38366715
2001,TN,8.073575625
2001,TX,0.90753046
2001,US-TOTAL,7.70021754
2001,UT,1.859339678
2001,VA,3.726206485
2001,VT,23.1133592
2001,WA,67.37642719
2001,WI,5.374863152
2001,WV,1.182195401
2001,WY,2.778818865
2002,AK,21.44874083
2002,AL,9.457280798
2002,AR,10.54593892
2002,AZ,7.947362793
2002,CA,29.61163825
2002,CO,3.021568589
2002,CT,3.693353491
2002,DC,0
2002,DE,0
2002,FL,1.929599437
2002,GA,7.190734112
2002,HI,3.995397438
2002,IA,4.617036471
2002,ID,94.79603058
2002,IL,0.453235755
2002,IN,0.41973076
2002,KS,1.015979632
2002,KY,4.766445356
2002,LA,3.897950325
2002,MA,5.109039922
2002,MD,4.520839334
2002,ME,30.22573785
2002,MI,3.299081449
2002,MN,4.918285501
2002,MO,1.682594894
2002,MS,2.183774637
2002,MT,37.80517597
2002,NC,4.240689758
2002,ND,5.08851378
2002,NE,3.537666911
2002,NH,12.57371148
2002,NJ,1.395545809
2002,NM,0.926233493
2002,NV,10.57956271
2002,NY,19.23865481
2002,OH,0.434925547
2002,OK,3.762690695
2002,OR,75.29179001
2002,PA,2.091325769
2002,RI,1.437443361
2002,SC,2.727912777
2002,SD,56.45842673
2002,TN,9.128603619
2002,TX,1.322190772
2002,US-TOTAL,8.900926652
2002,UT,1.862032735
2002,VA,3.919022048
2002,VT,27.14152183
2002,WA,77.7412472
2002,WI,6.042312359
2002,WV,1.140060172
2002,WY,2.3546245
2003,  ,#DIV/0!
2003,AK,25.05726697
2003,AL,11.88308612
2003,AR,8.925412166
2003,AZ,7.542943087
2003,CA,31.07851814
2003,CO,3.090680616
2003,CT,4.570230885
2003,DC,0
2003,DE,0
2003,FL,2.227908262
2003,GA,5.894367033
2003,HI,5.626048901
2003,IA,4.475079324
2003,ID,85.34052069
2003,IL,0.506439757
2003,IN,0.434861681
2003,KS,0.812527003
2003,KY,4.630774797
2003,LA,4.18432031
2003,MA,4.812036467
2003,MD,6.207450211
2003,ME,35.62493164
2003,MI,3.487759802
2003,MN,5.331791005
2003,MO,0.757755622
2003,MS,2.545999607
2003,MT,33.39689941
2003,NC,7.192735696
2003,ND,5.693687042
2003,NE,3.52893868
2003,NH,9.84930528
2003,NJ,1.647513401
2003,NM,1.07966076
2003,NV,8.502562202
2003,NY,18.89242483
2003,OH,0.64891172
2003,OK,3.496808411
2003,OR,70.11565482
2003,PA,2.638186502
2003,RI,1.917563058
2003,SC,5.290853539
2003,SD,54.38872927
2003,TN,13.91588893
2003,TX,1.282246846
2003,US-TOTAL,9.149527958
2003,UT,1.643415971
2003,VA,5.368422702
2003,VT,25.86569059
2003,WA,73.81519165
2003,WI,5.104616123
2003,WV,1.615432262
2003,WY,2.200567902
2004,AK,23.0933408
2004,AL,10.48777112
2004,AR,10.5027281
2004,AZ,6.714930949
2004,CA,29.83454261
2004,CO,3.028622071
2004,CT,3.739820861
2004,DC,0
2004,DE,0
2004,FL,2.185436586
2004,GA,5.428584192
2004,HI,5.639730691
2004,IA,4.859942228
2004,ID,83.05166722
2004,IL,0.508199256
2004,IN,0.454793144
2004,KS,0.793411508
2004,KY,4.433800222
2004,LA,4.140898836
2004,MA,4.690861775
2004,MD,5.949210772
2004,ME,36.79945715
2004,MI,3.458627271
2004,MN,4.841789877
2004,MO,1.699758687
2004,MS,3.468518937
2004,MT,33.29185202
2004,NC,5.674031061
2004,ND,5.899197443
2004,NE,3.095938672
2004,NH,9.210201113
2004,NJ,1.509126085
2004,NM,1.980585459
2004,NV,7.732480325
2004,NY,18.7738743
2004,OH,0.780374086
2004,OK,6.256088469
2004,OR,66.55327258
2004,PA,2.530061458
2004,RI,2.16598305
2004,SC,4.298643099
2004,SD,50.00106522
2004,TN,11.51503022
2004,TX,1.42129345
2004,US-TOTAL,8.852279056
2004,UT,1.697229642
2004,VA,5.089233162
2004,VT,29.09001369
2004,WA,72.32132961
2004,WI,5.119231418
2004,WV,1.650750117
2004,WY,2.69968017
2005,AK,22.34853593
2005,AL,9.997480873
2005,AR,10.08073752
2005,AZ,6.389579231
2005,CA,31.59679594
2005,CO,4.486105019
2005,CT,3.670769856
2005,DC,0
2005,DE,0
2005,FL,2.085458016
2005,GA,5.344299156
2005,HI,5.503495026
2005,IA,6.167886882
2005,ID,84.08097416
2005,IL,0.469769892
2005,IN,0.388101477
2005,KS,0.953192982
2005,KY,3.457903652
2005,LA,3.992486121
2005,MA,4.841089244
2005,MD,4.418787124
2005,ME,43.29826219
2005,MI,3.252786096
2005,MN,6.463413725
2005,MO,1.285860134
2005,MS,3.376487684
2005,MT,34.5718807
2005,NC,5.552006898
2005,ND,4.923361272
2005,NE,3.212253439
2005,NH,11.20064791
2005,NJ,1.496324095
2005,NM,2.744421177
2005,NV,7.373315974
2005,NY,18.9062938
2005,OH,0.612406369
2005,OK,5.491183972
2005,OR,65.98855554
2005,PA,2.091550951
2005,RI,0.111245216
2005,SC,4.63522658
2005,SD,49.57498111
2005,TN,10.37471182
2005,TX,1.681043055
2005,US-TOTAL,8.819072021
2005,UT,2.550005659
2005,VA,5.044458317
2005,VT,28.56144789
2005,WA,72.7579979
2005,WI,4.726062078
2005,WV,1.711240599
2005,WY,3.348099988
2006,AK,18.44506538
2006,AL,7.903909397
2006,AR,6.274572324
2006,AZ,6.558391803
2006,CA,33.19336277
2006,CO,5.300832948
2006,CT,3.769165419
2006,DC,0
2006,DE,0.005806037
2006,FL,2.026403644
2006,GA,4.338631966
2006,HI,6.382194784
2006,IA,7.39623778
2006,ID,89.13979704
2006,IL,0.531164661
2006,IN,0.543894668
2006,KS,2.200036921
2006,KY,3.087799181
2006,LA,4.04256826
2006,MA,6.121952222
2006,MD,5.577226327
2006,ME,49.03483688
2006,MI,3.520812765
2006,MN,6.81961642
2006,MO,0.243422295
2006,MS,3.333593849
2006,MT,37.74508263
2006,NC,4.52607657
2006,ND,6.133397873
2006,NE,3.81006688
2006,NH,10.31237062
2006,NJ,1.568726226
2006,NM,3.959498868
2006,NV,10.67587775
2006,NY,21.04607956
2006,OH,0.701616425
2006,OK,3.729104971
2006,OR,74.38839332
2006,PA,2.429984572
2006,RI,2.594321957
2006,SC,3.744811777
2006,SD,49.71504757
2006,TN,9.114204623
2006,TX,2.116972908
2006,US-TOTAL,9.490779088
2006,UT,2.307761246
2006,VA,5.213725386
2006,VT,27.78768225
2006,WA,78.10352943
2006,WI,4.776490102
2006,WV,1.861611718
2006,WY,3.529435994
2007,AK,19.0936542
2007,AL,5.518278368
2007,AR,8.902622884
2007,AZ,5.857819992
2007,CA,24.74441858
2007,CO,5.665932298
2007,CT,3.295330598
2007,DC,0
2007,DE,0.563804558
2007,FL,1.977349351
2007,GA,3.893495125
2007,HI,7.332561658
2007,IA,7.773012341
2007,ID,84.24296708
2007,IL,0.71830326
2007,IN,0.521427919
2007,KS,2.320407111
2007,KY,2.195117509
2007,LA,4.111680391
2007,MA,4.328547629
2007,MD,4.493566308
2007,ME,49.26133859
2007,MI,3.090049432
2007,MN,8.418976107
2007,MO,1.353366213
2007,MS,2.984122713
2007,MT,34.46437071
2007,NC,3.578655212
2007,ND,6.212097993
2007,NE,1.927916047
2007,NH,10.26113096
2007,NJ,1.379399755
2007,NM,4.66081834
2007,NV,10.10062952
2007,NY,19.2129766
2007,OH,0.544987934
2007,OK,7.133925516
2007,OR,65.0275336
2007,PA,2.115181173
2007,RI,2.257085405
2007,SC,3.43507971
2007,SD,49.9836799
2007,TN,6.213769502
2007,TX,2.942608064
2007,US-TOTAL,8.486147417
2007,UT,1.617137665
2007,VA,4.867037167
2007,VT,19.06307836
2007,WA,77.16569918
2007,WI,4.48899309
2007,WV,1.51382725
2007,WY,3.252666255
2008,AK,17.36649193
2008,AL,6.50817086
2008,AR,11.21357092
2008,AZ,6.194215879
2008,CA,23.51704224
2008,CO,9.961862289
2008,CT,4.241083034
2008,DC,0
2008,DE,2.171431366
2008,FL,2.052946333
2008,GA,3.617878515
2008,HI,7.569539884
2008,IA,9.550676131
2008,ID,84.4648781
2008,IL,1.590938297
2008,IN,0.732122499
2008,KS,3.795783434
2008,KY,2.428989242
2008,LA,4.082119827
2008,MA,5.67265471
2008,MD,5.461382924
2008,ME,49.81240332
2008,MI,3.439887533
2008,MN,12.01157672
2008,MO,2.518762333
2008,MS,2.886226489
2008,MT,36.11567812
2008,NC,3.957116
2008,ND,9.039905478
2008,NE,1.919991899
2008,NH,12.27525017
2008,NJ,1.462216074
2008,NM,5.333609008
2008,NV,9.374338664
2008,NY,21.40916363
2008,OH,0.658233612
2008,OK,8.334950894
2008,OR,63.40107685
2008,PA,2.407291532
2008,RI,2.211697805
2008,SC,2.910476395
2008,SD,44.33225201
2008,TN,7.292236356
2008,TX,4.614408309
2008,US-TOTAL,9.24730594
2008,UT,2.082378187
2008,VA,5.103918514
2008,VT,28.12582476
2008,WA,74.50721837
2008,WI,5.308917179
2008,WV,1.799277082
2008,WY,3.86623587
2009,AK,19.9530032
2009,AL,10.87931975
2009,AR,10.0565339
2009,AZ,5.920864508
2009,CA,26.09078386
2009,CO,10.14852247
2009,CT,4.064176689
2009,DC,0
2009,DE,2.594430765
2009,FL,2.086940047
2009,GA,4.727994392
2009,HI,7.424563369
2009,IA,16.50550637
2009,ID,86.27060206
2009,IL,1.891080986
2009,IN,1.893632209
2009,KS,6.16159141
2009,KY,4.061742973
2009,LA,3.956659581
2009,MA,6.23695888
2009,MD,5.572946573
2009,ME,49.84708422
2009,MI,3.947636526
2009,MN,14.37507945
2009,MO,2.706714622
2009,MS,2.92450842
2009,MT,39.01324967
2009,NC,5.966401441
2009,ND,13.11349795
2009,NE,2.595499685
2009,NH,14.27499794
2009,NJ,1.604743759
2009,NM,4.666353735
2009,NV,11.32208445
2009,NY,24.09461621
2009,OH,0.85322513
2009,OK,8.634769595
2009,OR,65.80592115
2009,PA,2.749384974
2009,RI,1.940228852
2009,SC,4.074862618
2009,SD,59.28370185
2009,TN,14.00259109
2009,TX,5.572739499
2009,US-TOTAL,10.57440009
2009,UT,3.03560765
2009,VA,5.55940945
2009,VT,26.29467858
2009,WA,74.6408306
2009,WI,6.228054609
2009,WV,3.373047756
2009,WY,6.93641464
2010,AK,21.48140653
2010,AL,7.283077693
2010,AR,8.660473735
2010,AZ,6.211192446
2010,CA,28.84527573
2010,CO,10.11970988
2010,CT,3.389324671
2010,DC,0
2010,DE,2.45568084
2010,FL,2.03591478
2010,GA,4.726275314
2010,HI,7.543265865
2010,IA,17.92536996
2010,ID,84.56235087
2010,IL,2.610704312
2010,IN,2.955229399
2010,KS,7.246019209
2010,KY,3.074925692
2010,LA,3.476281368
2010,MA,5.303311141
2010,MD,5.139191948
2010,ME,46.78784346
2010,MI,3.66020154
2010,MN,13.93704372
2010,MO,2.737365594
2010,MS,2.760773803
2010,MT,35.05003377
2010,NC,5.315333878
2010,ND,17.70358976
2010,NE,4.933138695
2010,NH,12.20855895
2010,NJ,1.321772282
2010,NM,5.715072755
2010,NV,12.64414625
2010,NY,22.11293753
2010,OH,0.786299497
2010,OK,9.645221177
2010,OR,64.03239908
2010,PA,2.86281218
2010,RI,1.857917312
2010,SC,4.080057775
2010,SD,65.77900931
2010,TN,11.08135564
2010,TX,7.035950586
2010,US-TOTAL,10.36048173
2010,UT,3.494678202
2010,VA,5.09800147
2010,VT,27.63185443
2010,WA,72.3913902
2010,WI,7.130334334
2010,WV,2.855010599
2010,WY,8.875199936
2011,AK,19.80021054
2011,AL,7.483893516
2011,AR,7.544733163
2011,AZ,8.974287132
2011,CA,34.75010428
2011,CO,14.48357202
2011,CT,3.636517894
2011,DC,0
2011,DE,2.395027765
2011,FL,2.186707819
2011,GA,4.725137586
2011,HI,9.083565716
2011,IA,20.92375506
2011,ID,92.32404233
2011,IL,3.51166143
2011,IN,3.299542573
2011,KS,8.363074032
2011,KY,3.462641583
2011,LA,3.305075971
2011,MA,6.189323555
2011,MD,8.056001056
2011,ME,53.04769318
2011,MI,3.956812776
2011,MN,17.22938345
2011,MO,2.556535758
2011,MS,2.920396472
2011,MT,46.00637011
2011,NC,5.26977586
2011,ND,22.30762915
2011,NE,7.573151788
2011,NH,13.43587126
2011,NJ,1.514696178
2011,NM,6.381399465
2011,NV,14.49129159
2011,NY,23.92543932
2011,OH,0.973071636
2011,OK,9.953893076
2011,OR,80.08125918
2011,PA,3.21853593
2011,RI,1.579037941
2011,SC,3.577019693
2011,SD,77.31104371
2011,TN,13.06400921
2011,TX,7.519614978
2011,US-TOTAL,12.51996225
2011,UT,5.365711509
2011,VA,5.108723738
2011,VT,27.41099425
2011,WA,86.61269409
2011,WI,7.76105532
2011,WV,3.246910391
2011,WY,12.24975923
2012,AK,23.24941816
2012,AL,6.67966028
2012,AR,5.936161453
2012,AZ,7.587202068
2012,CA,28.47064153
2012,CO,14.63046549
2012,CT,2.709669295
2012,DC,0
2012,DE,1.51790184
2012,FL,2.11415228
2012,GA,4.509035196
2012,HI,9.928066611
2012,IA,26.37760901
2012,ID,86.81095386
2012,IL,4.294207706
2012,IN,3.469939147
2012,KS,11.84713249
2012,KY,2.995742431
2012,LA,3.007500234
2012,MA,6.153777876
2012,MD,6.756700071
2012,ME,55.80620557
2012,MI,4.615712839
2012,MN,20.04703946
2012,MO,2.192541677
2012,MS,2.764879531
2012,MT,45.11891516
2012,NC,5.512307867
2012,ND,21.47335047
2012,NE,7.609646608
2012,NH,13.67449994
2012,NJ,1.978857739
2012,NM,7.6336853
2012,NV,15.3782889
2012,NY,21.98225087
2012,OH,1.659233011
2012,OK,12.40906341
2012,OR,76.50637678
2012,PA,2.999304695
2012,RI,1.27765724
2012,SC,3.683241053
2012,SD,72.64476248
2012,TN,11.74937854
2012,TX,8.05029407
2012,US-Total,12.21842593
2012,UT,4.688759304
2012,VA,4.809520487
2012,VT,24.44859831
2012,WA,83.60363723
2012,WI,7.45626833
2012,WV,3.715946702
2012,WY,10.61247215
2013,AK,25.13228776
2013,AL,10.47648912
2013,AR,7.054670421
2013,AZ,7.630467913
2013,CA,29.6546814
2013,CO,16.5275364
2013,CT,2.959827708
2013,DC,0
2013,DE,1.372682747
2013,FL,2.209074986
2013,GA,6.244344635
2013,HI,11.7392607
2013,IA,29.07347435
2013,ID,76.55344404
2013,IL,5.125801902
2013,IN,3.872037472
2013,KS,19.61050103
2013,KY,4.013655026
2013,LA,3.755668418
2013,MA,7.419581699
2013,MD,7.442464623
2013,ME,60.2551326
2013,MI,6.577098871
2013,MN,20.23978484
2013,MO,2.594556802
2013,MS,2.742624047
2013,MT,41.16692959
2013,NC,7.825689294
2013,ND,21.06369962
2013,NE,8.066255239
2013,NH,15.78783448
2013,NJ,2.263120743
2013,NM,7.504361815
2013,NV,17.48470539
2013,NY,22.67272827
2013,OH,1.863650882
2013,OK,18.57445155
2013,OR,69.67563598
2013,PA,3.650434113
2013,RI,0.915283601
2013,SC,5.654886083
2013,SD,66.77597642
2013,TN,17.01594038
2013,TX,8.823569466
2013,US-Total,12.84009009
2013,UT,3.379223404
2013,VA,5.409359962
2013,VT,29.49130781
2013,WA,76.17993395
2013,WI,7.839045079
2013,WV,4.124920233
2013,WY,9.801565514
2014,AK,29.01301212
2014,AL,8.199984162
2014,AR,6.770333362
2014,AZ,8.871260065
2014,CA,29.39932454
2014,CO,17.67437142
2014,CT,3.571596978
2014,DC,0
2014,DE,1.70154567
2014,FL,2.297447763
2014,GA,5.83846001
2014,HI,12.73826807
2014,IA,30.69586378
2014,ID,82.18509805
2014,IL,5.358401702
2014,IN,3.778193326
2014,KS,21.95988635
2014,KY,3.951261675
2014,LA,3.71262036
2014,MA,8.458056473
2014,MD,6.883813383
2014,ME,61.25097462
2014,MI,7.74630976
2014,MN,21.06259605
2014,MO,2.223253633
2014,MS,2.735402768
2014,MT,44.51624345
2014,NC,6.267901598
2014,ND,23.96001943
2014,NE,10.04000858
2014,NH,17.06256322
2014,NJ,2.28185778
2014,NM,9.010961051
2014,NV,17.9335436
2014,NY,23.73370657
2014,OH,1.861525866
2014,OK,19.53326713
2014,OR,73.47893602
2014,PA,3.945787214
2014,RI,3.667418687
2014,SC,5.158193884
2014,SD,71.2536243
2014,TN,12.62990982
2014,TX,9.707205682
2014,US-Total,13.15673338
2014,UT,4.314585934
2014,VA,6.231723694
2014,VT,27.9158585
2014,WA,76.13512355
2014,WI,9.390294204
2014,WV,3.328381543
2014,WY,10.61342478
2015,AK,28.37761142
2015,AL,8.624940923
2015,AR,9.019313518
2015,AZ,9.431500657
2015,CA,30.09776758
2015,CO,17.99353567
2015,CT,2.955312565
2015,DC,57.67255814
2015,DE,1.66371191
2015,FL,2.269349331
2015,GA,6.091221113
2015,HI,13.23800583
2015,IA,33.69446624
2015,ID,74.70232995
2015,IL,5.902462834
2015,IN,5.286413504
2015,KS,24.33979137
2015,KY,4.601912932
2015,LA,3.43539387
2015,MA,8.290502306
2015,MD,7.399826055
2015,ME,66.51056764
2015,MI,7.771288858
2015,MN,21.82653674
2015,MO,3.316467932
2015,MS,2.326407801
2015,MT,40.5213757
2015,NC,6.780170132
2015,ND,23.15460301
2015,NE,12.37707195
2015,NH,16.57707203
2015,NJ,2.150767348
2015,NM,8.665131074
2015,NV,18.86829912
2015,NY,23.33141697
2015,OH,2.042996769
2015,OK,22.37129923
2015,OR,67.7493166
2015,PA,3.926551314
2015,RI,3.441466293
2015,SC,5.032474496
2015,SD,76.27917396
2015,TN,14.23532915
2015,TX,10.5886995
2015,US-Total,13.3434465
2015,UT,4.627503509
2015,VA,6.281822051
2015,VT,99.77048981
2015,WA,75.4636392
2015,WI,8.29171764
2015,WV,3.826329217
2015,WY,9.445165992
2016,AK,29.54159362
2016,AL,7.269939161
2016,AR,8.215652499
2016,AZ,10.7476805
2016,CA,39.93354038
2016,CO,22.09578253
2016,CT,3.061863911
2016,DC,69.00515208
2016,DE,1.424696845
2016,FL,2.116018846
2016,GA,6.617925079
2016,HI,14.45449195
2016,IA,39.05069866
2016,ID,78.18852229
2016,IL,6.039907355
2016,IN,5.880921127
2016,KS,29.83688169
2016,KY,4.926354215
2016,LA,3.709648893
2016,MA,8.581036182
2016,MD,7.193646289
2016,ME,64.74453311
2016,MI,7.816908738
2016,MN,21.93071196
2016,MO,3.258656273
2016,MS,2.423932268
2016,MT,44.06520857
2016,NC,7.952686988
2016,ND,26.65208298
2016,NE,13.0228886
2016,NH,16.94323447
2016,NJ,2.381062484
2016,NM,13.78601664
2016,NV,21.78049592
2016,NY,24.71524475
2016,OH,2.113102118
2016,OK,29.2547873
2016,OR,71.3364008
2016,PA,3.867622345
2016,RI,3.779182727
2016,SC,4.750593088
2016,SD,73.93277476
2016,TN,9.861015351
2016,TX,13.49776878
2016,US-Total,14.94626782
2016,UT,8.403705488
2016,VA,6.033302881
2016,VT,99.68700408
2016,WA,77.48145615
2016,WI,8.901480177
2016,WV,4.043035294
2016,WY,11.49424208
2017,AK,28.14818884
2017,AL,9.176393972
2017,AR,7.257540639
2017,AZ,11.82321051
2017,CA,47.00883042
2017,CO,22.90363744
2017,CT,3.405835096
2017,DC,70.53431233
2017,DE,1.575045064
2017,FL,2.560224826
2017,GA,7.386398185
2017,HI,14.14967419
2017,IA,39.06311265
2017,ID,81.76734523
2017,IL,7.036870991
2017,IN,6.213038824
2017,KS,36.69453082
2017,KY,6.860683465
2017,LA,3.732411352
2017,MA,9.995582861
2017,MD,9.76474369
2017,ME,74.84359409
2017,MI,8.394049617
2017,MN,25.40318292
2017,MO,4.035476799
2017,MS,2.616830463
2017,MT,46.54733757
2017,NC,9.508297689
2017,ND,33.5942926
2017,NE,18.88239726
2017,NH,19.68936955
2017,NJ,2.499657841
2017,NM,17.89129419
2017,NV,25.31193315
2017,NY,28.70500465
2017,OH,2.233186552
2017,OK,35.21739795
2017,OR,73.1412588
2017,PA,4.31742878
2017,RI,4.837082782
2017,SC,4.634961836
2017,SD,75.12883241
2017,TN,12.36552203
2017,TX,15.87676229
2017,US-Total,17.01381221
2017,UT,13.15536543
2017,VA,5.793652043
2017,VT,99.58251377
2017,WA,78.51387843
2017,WI,8.876559266
2017,WV,4.554206628
2017,WY,11.64754811
2018,AK,29.84803659
2018,AL,10.30399607
2018,AR,6.732237684
2018,AZ,11.50081522
2018,CA,43.46700366
2018,CO,23.10561791
2018,CT,3.621319064
2018,DC,71.29747514
2018,DE,1.828288876
2018,FL,3.164397383
2018,GA,8.272449731
2018,HI,13.25571186
2018,IA,35.4707087
2018,ID,81.49302337
2018,IL,6.668994213
2018,IN,5.649952695
2018,KS,36.75328122
2018,KY,6.2024671
2018,LA,3.709568393
2018,MA,12.88840102
2018,MD,9.858511075
2018,ME,73.74724087
2018,MI,8.352798384
2018,MN,23.49530112
2018,MO,4.568103248
2018,MS,2.780893544
2018,MT,48.2523147
2018,NC,11.81992734
2018,ND,32.65047564
2018,NE,19.07580695
2018,NH,18.42235771
2018,NJ,2.643462395
2018,NM,23.33366346
2018,NV,26.30548336
2018,NY,27.21657384
2018,OH,2.204259637
2018,OK,34.1402929
2018,OR,69.68173659
2018,PA,4.715305552
2018,RI,4.807052489
2018,SC,5.852738265
2018,SD,72.15169848
2018,TN,14.08103328
2018,TX,17.09901044
2018,US-Total,16.90547465
2018,UT,11.35366822
2018,VA,7.016307898
2018,VT,99.78741713
2018,WA,77.58725838
2018,WI,8.35118439
2018,WV,5.379448995
2018,WY,10.9161805
2019,AK,29.70763698
2019,AL,10.61653504
2019,AR,8.813455285
2019,AZ,10.80342081
2019,CA,48.20794744
2019,CO,24.92759116
2019,CT,3.315739676
2019,DC,36.7400046
2019,DE,2.290864875
2019,FL,3.485479858
2019,GA,8.930410973
2019,HI,12.13879223
2019,IA,43.62727
2019,ID,76.34928584
2019,IL,8.162581317
2019,IN,7.079972709
2019,KS,41.69560866
2019,KY,6.476769469
2019,LA,3.608870067
2019,MA,15.59032231
2019,MD,9.136884007
2019,ME,78.62961013
2019,MI,8.511337919
2019,MN,24.34804063
2019,MO,6.762781639
2019,MS,2.604199957
2019,MT,44.70761838
2019,NC,12.73834808
2019,ND,34.97797815
2019,NE,23.23893364
2019,NH,17.24902568
2019,NJ,2.83036708
2019,NM,24.15627396
2019,NV,28.44188945
2019,NY,28.53013878
2019,OH,2.692231747
2019,OK,38.5265616
2019,OR,62.18358275
2019,PA,3.853742765
2019,RI,6.195160461
2019,SC,5.996348685
2019,SD,73.80280915
2019,TN,13.8626561
2019,TX,18.8166399
2019,US-Total,17.64095565
2019,UT,10.89364063
2019,VA,6.418400845
2019,VT,99.91645551
2019,WA,69.77177779
2019,WI,9.381641999
2019,WV,5.220298228
2019,WY,12.65939009
2020,AK,30.77452652
2020,AL,12.37705609
2020,AR,10.49701655
2020,AZ,12.0104562
2020,CA,42.59733393
2020,CO,30.90633022
2020,CT,3.23756611
2020,DC,33.58809372
2020,DE,2.5242
2020,FL,4.292452848
2020,GA,11.90215383
2020,HI,15.8711971
2020,IA,59.42165853
2020,ID,76.08303906
2020,IL,9.706701467
2020,IN,8.176196771
2020,KS,44.218389
2020,KY,8.491738308
2020,LA,3.333022009
2020,MA,19.1731385
2020,MD,8.623815286
2020,ME,76.73521051
2020,MI,10.04002065
2020,MN,27.64537864
2020,MO,7.510998083
2020,MS,2.774531394
2020,MT,59.40113362
2020,NC,15.46965936
2020,ND,38.13687003
2020,NE,28.89856492
2020,NH,16.0338185
2020,NJ,3.39841167
2020,NM,27.15650597
2020,NV,28.78967573
2020,NY,28.48797945
2020,OH,2.856854037
2020,OK,39.20886342
2020,OR,67.47130073
2020,PA,3.680842228
2020,RI,6.948849571
2020,SC,7.773803428
2020,SD,80.50348569
2020,TN,18.06772235
2020,TX,21.84361557
2020,US-Total,19.52761849
2020,UT,12.523656
2020,VA,6.619359314
2020,VT,99.94296067
2020,WA,75.0201844
2020,WI,9.405907007
2020,WV,6.170473715
2020,WY,16.10054217
2021,AK,28.18729989
2021,AL,10.73754042
2021,AR,8.755414151
2021,AZ,13.34580978
2021,CA,41.21580084
2021,CO,32.76484456
2021,CT,3.43097313
2021,DC,35.05521944
2021,DE,3.150267844
2021,FL,5.489218266
2021,GA,11.57401924
2021,HI,19.01716553
2021,IA,57.2927365
2021,ID,70.22159569
2021,IL,11.09449334
2021,IN,9.818708682
2021,KS,45.63498885
2021,KY,7.634534849
2021,LA,3.439829036
2021,MA,19.95372368
2021,MD,9.523727202
2021,ME,66.11077925
2021,MI,10.24043933
2021,MN,27.19747419
2021,MO,11.01039999
2021,MS,2.645285727
2021,MT,51.29379709
2021,NC,14.21847729
2021,ND,39.33322021
2021,NE,28.66772241
2021,NH,14.31730143
2021,NJ,3.456675766
2021,NM,35.6043818
2021,NV,30.74350112
2021,NY,28.79995255
2021,OH,3.557442529
2021,OK,44.20974061
2021,OR,65.03833677
2021,PA,3.555015962
2021,RI,7.175140959
2021,SC,6.939781884
2021,SD,82.74814432
2021,TN,15.10037371
2021,TX,24.23172831
2021,US-Total,19.84440633
2021,UT,12.44792132
2021,VA,8.79054858
2021,VT,99.66214404
2021,WA,74.21648382
2021,WI,8.053977131
2021,WV,5.071484909
2021,WY,21.66869716
